id,decision,reason
1,include,IC1
2,include,IC1
3,include,IC1
4,include,IC1
5,include,IC1
6,include,IC1
7,include,IC1
8,include,IC1
9,include,IC1
10,include,IC2
11,include,IC1
12,include,IC1
13,include,IC1
14,include,IC1
15,include,IC1
16,include,IC1
17,include,"IC1, IC2"
18,include,"IC1, Snowball"
19,include,IC1
20,include,IC1
21,include,IC1
22,include,IC1
23,include,IC1
24,include,IC1
25,include,IC1
26,include,"IC1, IC2, Snowball"
27,include,"IC2, Snowball"
28,include,"IC1, Snowball"
29,include,"IC1, Snowball"
30,include,IC1
32,exclude,EC1
33,exclude,EC1
37,exclude,EC1
38,exclude,EC1
44,exclude,EC2
45,exclude,EC1
47,exclude,EC1
48,exclude,EC1
49,exclude,EC2
51,exclude,EC1
56,exclude,EC1
79,exclude,EC1
85,exclude,EC1
95,exclude,EC2
101,exclude,EC3
103,exclude,EC1
110,exclude,EC1
126,exclude,EC1
127,exclude,EC1
128,exclude,EC1
130,exclude,EC1
140,exclude,EC2
147,exclude,EC1
160,exclude,EC1
163,exclude,EC1
165,exclude,EC1
168,exclude,EC1
169,exclude,EC2
171,exclude,EC1
174,exclude,EC1
182,exclude,EC1
185,exclude,EC1
187,exclude,EC3
189,exclude,EC2
193,exclude,EC1
196,exclude,EC2
197,exclude,EC1
199,exclude,EC1
200,exclude,EC1
204,exclude,EC2
205,exclude,EC1
209,exclude,EC1
213,exclude,EC1
214,exclude,EC1
215,exclude,EC2
219,exclude,EC1
224,exclude,EC1
233,exclude,EC1
241,exclude,EC2
242,exclude,EC1
244,exclude,EC1
245,exclude,EC1
250,exclude,EC1
251,exclude,EC1
252,exclude,EC1
253,exclude,EC1
261,exclude,EC2
268,exclude,EC1
270,exclude,EC1
273,exclude,EC2
275,exclude,EC1
276,exclude,EC1
277,exclude,EC1
278,exclude,EC1
290,exclude,EC1
292,exclude,EC1
300,exclude,EC1
301,exclude,EC1
303,exclude,EC1
304,exclude,EC1
306,exclude,EC1
307,exclude,EC1
309,exclude,EC1
311,exclude,EC1
313,exclude,EC2
316,exclude,EC1
319,exclude,EC1
320,exclude,EC1
328,exclude,EC1
337,exclude,EC1
338,exclude,EC1
349,exclude,EC1
352,exclude,EC1
353,exclude,EC1
354,exclude,EC1
359,exclude,EC2
362,exclude,EC1
364,exclude,EC1
367,exclude,EC2
368,exclude,EC2
371,exclude,EC1
373,exclude,EC1
374,exclude,EC1
383,exclude,EC1
386,exclude,EC1
396,exclude,EC1
450,exclude,EC2
452,exclude,EC1
458,exclude,EC1
466,exclude,EC2
473,exclude,EC2
475,exclude,EC1
476,exclude,EC1
483,exclude,EC1
488,exclude,EC1
493,exclude,EC1
498,exclude,EC1
507,exclude,EC1
511,exclude,EC1
554,exclude,EC1
557,exclude,EC1
580,exclude,EC1
587,exclude,EC1
597,exclude,EC1
608,exclude,EC1
618,exclude,EC1
627,exclude,EC1
646,exclude,EC2
656,exclude,EC1
712,exclude,EC1
718,exclude,EC2
723,exclude,EC1
732,exclude,EC1
748,exclude,EC1
789,exclude,EC1
1077,exclude,EC1
1096,exclude,EC1
1174,exclude,EC1
1241,exclude,EC1
1271,exclude,EC1
1273,exclude,EC1
1280,exclude,EC1
1292,exclude,EC2
1332,exclude,EC1
1339,exclude,EC1
1353,exclude,EC2
1401,exclude,EC2
1459,exclude,EC1
1489,exclude,EC2
1491,exclude,EC1
1500,exclude,EC1
1523,exclude,EC2
1535,exclude,EC1
1539,exclude,EC1
1549,exclude,EC2
1554,exclude,EC1
1564,exclude,EC1
1580,exclude,EC2
1581,exclude,EC2
1587,exclude,EC1
1594,exclude,EC1
1654,exclude,EC1
1657,exclude,EC2
1685,exclude,EC1
1694,exclude,EC2
1698,exclude,EC2
1720,exclude,EC1
1725,exclude,EC2
1726,exclude,EC1
1728,exclude,EC1
1751,exclude,EC1
1755,exclude,EC2
1756,exclude,EC2
1766,exclude,EC1
1772,exclude,EC1
1778,exclude,EC1
1798,exclude,EC2
1815,exclude,EC1
1834,exclude,EC1
1854,exclude,EC1
1872,exclude,EC2
1898,exclude,EC1
1899,exclude,EC2
1902,exclude,EC1
1917,exclude,EC1
1931,exclude,EC1
1947,exclude,EC1
1964,exclude,EC1
1968,exclude,EC1
1986,exclude,EC1
1993,exclude,EC1
1995,exclude,EC1
2009,exclude,EC2
2012,exclude,EC1
2017,exclude,EC1
2031,exclude,EC1
2043,exclude,EC1
2074,exclude,EC2
2080,exclude,EC1
2088,exclude,EC1
2092,exclude,EC1
2108,exclude,EC1
2116,exclude,EC1
2117,exclude,EC1
2119,exclude,EC1
2132,exclude,EC2
2135,exclude,EC1
2158,exclude,EC2
2159,exclude,EC1
2192,exclude,EC2
2199,exclude,EC2
2200,exclude,EC2
2201,exclude,EC1
2222,exclude,EC3
2239,exclude,EC1
2256,exclude,EC2
2260,exclude,EC1
2261,exclude,EC1
2297,exclude,EC1
2326,exclude,EC1
2329,exclude,EC2
2333,exclude,EC1
2347,exclude,EC1
2359,exclude,EC1
2361,exclude,EC1
2365,exclude,EC1
2376,exclude,EC1
2379,exclude,EC1
2396,exclude,EC1
2404,exclude,EC1
2411,exclude,EC1
2424,exclude,EC1
2429,exclude,EC1
2436,exclude,EC1
2449,exclude,EC1
2450,exclude,EC1
2462,exclude,EC2
2469,exclude,EC1
2500,exclude,EC1
2507,exclude,EC1
2509,exclude,EC1
2510,exclude,EC1
2517,exclude,EC1
2526,exclude,EC1
2534,exclude,EC1
2535,exclude,EC1
2553,exclude,EC1
2562,exclude,EC1
2569,exclude,EC2
2573,exclude,EC1
2584,exclude,EC1
2595,exclude,EC1
2613,exclude,EC1
2624,exclude,EC1
2695,exclude,EC1
2698,exclude,EC1
2699,exclude,EC1
2700,exclude,EC1
2741,exclude,EC1
2748,exclude,EC1
2750,exclude,EC1
2755,exclude,EC3
2769,exclude,EC2
2787,exclude,EC1
2793,exclude,EC2
2838,exclude,EC1
2844,exclude,EC1
2857,exclude,EC1
2896,exclude,EC1
2898,exclude,EC1
2914,exclude,EC1
2935,exclude,EC1
2936,exclude,EC1
2942,exclude,EC1
2951,exclude,EC1
2960,exclude,EC1
2962,exclude,EC1
2963,exclude,EC1
2964,exclude,EC1
2965,exclude,EC1
2971,exclude,EC1
2973,exclude,EC1
2975,exclude,EC1
2997,exclude,EC3
3000,exclude,EC2
3003,exclude,EC1
3007,exclude,EC1
3012,exclude,EC1
3019,exclude,EC1
3033,exclude,EC1
3055,exclude,EC1
3060,exclude,EC1
3061,exclude,EC1
3064,exclude,EC1
3065,exclude,EC2
3088,exclude,EC1
3091,exclude,EC1
3092,exclude,EC1
3093,exclude,EC1
3107,exclude,EC1
3121,exclude,EC1
3122,exclude,EC1
3128,exclude,EC1
3136,exclude,EC1
3149,exclude,EC1
3157,exclude,EC1
3176,exclude,EC1
3269,exclude,EC1
3281,exclude,EC1
3285,exclude,EC1
3290,exclude,EC1
3298,exclude,EC1
3328,exclude,EC1
3330,exclude,EC1
3340,exclude,EC1
3353,exclude,EC1
3372,exclude,EC2
3380,exclude,EC4
3403,exclude,EC1
3407,exclude,EC1
3423,exclude,EC1
3424,exclude,EC1
3428,exclude,EC1
3447,exclude,EC1
3448,exclude,EC1
3449,exclude,EC1
3450,exclude,EC1
3456,exclude,EC1
3462,exclude,EC2
3481,exclude,EC1
3507,exclude,EC1
3526,exclude,EC1
3534,exclude,EC1
3535,exclude,EC2
3567,exclude,EC1
3572,exclude,EC1
3585,exclude,EC2
3589,exclude,EC1
3595,exclude,EC1
3632,exclude,EC1
3667,exclude,EC1
3692,exclude,EC1
3791,exclude,EC1
3794,exclude,EC1
3795,exclude,EC1
