id,title,abstract,lucas_decision,lucas_reason,victor_decision,victor_reason,victor_notes,final_decision,resolution
52,The Power of\&nbsp;Training: How Different Neural Network Setups Influence the\&nbsp;Energy Demand,"This work offers a heuristic evaluation of the effects of variations in machine learning training regimes and learning paradigms on the energy consumption of computing, especially HPC hardware with a life-cycle aware perspective. While increasing data availability and innovation in high-performance hardware fuels the training of sophisticated models, it also fosters the fading perception of energy consumption and carbon emission. Therefore, the goal of this work is to raise awareness about the energy impact of general training parameters and processes, from learning rate over batch size to knowledge transfer. Multiple setups with different hyperparameter configurations are evaluated on three different hardware systems. Among many results, we have found out that even with the same model and hardware to reach the same accuracy, improperly set training hyperparameters consume up to 5 times the energy of the optimal setup. We also extensively examined the energy-saving benefits of learning paradigms including recycling knowledge through pretraining and sharing knowledge through multitask training.",include,IC1,exclude,EC2,,exclude,life-cycle aware e recycle são usados em outro contexto
223,Data Center Operators Face Energy Irony,"High-performance computational technology is envisioned as a great resource for reducing energy consumption. However, the renewable energy infrastructure that will let these data centers operate without adding to greenhouse gas emission levels is still in its infancy.",exclude,EC1,include,IC1,,include,"é um artigo de revista, mas trata do assunto"
237,"Sustainable AI: Experiences, Challenges \&amp; Recommendations","The use of Artificial Intelligence (AI) and Machine Learning (ML) as part of scientific workloads is becoming increasingly widespread. It is imperative to understand how to configure AI and ML applications on HPC systems to optimise their performance and energy efficiency, thereby minimising their environmental impact. In this study, we use MLPerf HPC's DeepCAM benchmark to assess and explore the energy efficiency of ML applications on different hardware platforms. We highlight the challenges that, despite growing popularity, ML frameworks still present in a traditional HPC environment, as well as the challenges of measuring power and energy on a variety of HPC and cloud-like virtualised systems. We conclude our study by proposing recommendations that will improve and encourage best practices around sustainable AI and ML workloads on HPC systems.",exclude,EC2,include,IC1,,exclude,"menciona impactos ambientais, mas cria um benchmark que compara consumo de energia de de modelos de IA"
408,"Empowering Generative AI in Enterprises: Sustainable, High-Performance Storage Solutions with Global Data Fabric and Data Lakehouse","Rapid growth in unstructured data has triggered enterprises to shift from traditional file storage to scalable object storage solutions in their infrastructure. There has been a growing need to integrate both file and object storage into a unified platform capable of managing the complexities of traditional and modern data workloads. Gartner predicts that by 2029, over 80\% of unstructured data will reside on consolidated storage systems--up from 40\% in early 2024--highlighting the urgency of this transition. As sustainability takes center stage, businesses must adopt storage solutions that deliver both high performance and minimal environmental impact. This paper presents a storage solution designed for Generative AI and High-Performance Computing (HPC), addressing two critical requirements: 1.A unified high-performance storage solution that seamlessly integrates both file and object storage access.2.A sustainable approach to building infrastructure that reduces energy usage and carbon emissions. We will explore how sustainable, high-performance storage solutions such as global data fabrics and data lakehouse technologies enable this vision. Key topics include: 1.The critical role of efficient storage in accelerating AI workloads.2.The advantages of distributed file and object storage for enterprise-scale workloads.3.Essential sustainability practices that align with environmental goals.4.A global data fabric use case, leveraging features from reference architectures for research data, that incorporates these innovations as well as embedded sustainability practices. This paper demonstrates how researchers, architects, CIOs, and administrators can leverage next-generation storage solutions to improve operational efficiency and support sustainability in generative AI use cases.",exclude,EC2,include,IC1,,exclude,high performance storage não computing
445,A deep dive into sustainable generative AI and HPC systems,"The lecture covers the foundations of sustainable computing, ranging from sand to large-scale systems targeting generative AI and High-Performance Computing (HPC). It provides a deep dive into their building blocks and their associated environmental cost with specific emphasis on RISC-V based systems and practical considerations. Lab activities include pen-and-paper calculations and hands-on experience on the RISC-V Monte Cimone computing cluster.",exclude,EC1,include,IC1,,exclude,é uma aula com exercícios práticos e focados em RISC-V
474,Sustainability of data center digital twins with reinforcement learning,"The rapid growth of machine learning (ML) has led to an increased demand for computational power, resulting in larger data centers (DCs) and higher energy consumption. To address this issue and reduce carbon emissions, intelligent design and control of DC components such as IT servers, cabinets, HVAC cooling, flexible load shifting, and battery energy storage are essential. However, the complexity of designing and controlling them in tandem presents a significant challenge. While some individual components like CFD-based design and Reinforcement Learning (RL) based HVAC control have been researched, there's a gap in the holistic design and optimization covering all elements simultaneously. To tackle this, we've developed DCRL-Green, a multi-agent RL environment that empowers the ML community to design data centers and research, develop, and refine RL controllers for carbon footprint reduction in DCs. It is a flexible, modular, scalable, and configurable platform that can handle large High Performance Computing (HPC) clusters. Furthermore, in its default setup, DCRL-Green provides a benchmark for evaluating single as well as multi-agent RL algorithms. It easily allows users to subclass the default implementations and design their own control approaches, encouraging community development for sustainable data centers. Open Source Link: https://github.com/HewlettPackard/dc-rl",exclude,EC1,include,IC2,,exclude,não é específico de HPC e parece usar emissões de carbono como motivação
492,SolarCore: Solar energy driven multi-core architecture power management,"The global energy crisis and environmental concerns (e.g. global warming) have driven the IT community into the green computing era. Of clean, renewable energy sources, solar power is the most promising. While efforts have been made to improve the performance-per-watt, conventional architecture power management schemes incur significant solar energy loss since they are largely workload-driven and unaware of the supply-side attributes. Existing solar power harvesting techniques improve the energy utilization but increase the environmental burden and capital investment due to the inclusion of large-scale batteries. Moreover, solar power harvesting itself cannot guarantee high performance without appropriate load adaptation. To this end, we propose SolarCore, a solar energy driven, multi-core architecture power management scheme that combines maximal power provisioning control and workload run-time optimization. Using real-world meteorological data across different geographic sites and seasons, we show that SolarCore is capable of achieving the optimal operation condition (e.g. maximal power point) of solar panels autonomously under various environmental conditions with a high green energy utilization of 82\% on average. We propose efficient heuristics for allocating the time varying solar power across multiple cores and our algorithm can further improve the workload performance by 10.8\% compared with that of round-robin adaptation, and at least 43\% compared with that of conventional fixed-power budget control. This paper makes the first step on maximally reducing the carbon footprint of computing systems through the usage of renewable energy sources. We expect that the novel joint optimization techniques proposed in this paper will contribute to building a truly sustainable, high-performance computing environment.",exclude,EC1,include,IC1,,exclude,"não trata de HPC, mas de tecnologias de energia solar"
548,Eliminating the Capacity Variation Penalty for Cloud Resource Management,"Increasing power grid challenges due to rapid decarbonization and pressure for reduced carbon emissions compel data centers to operate with capacity varying in hours or days, perhaps on a dynamic basis in concert with renewable generation. With data centers exceeding 10\% of load in many grids, the implied capacity variation may approach 50\%. For today's computing, variable resource capacity is problematic, causing severe loss in resource efficiency.Our approach is to create intelligent resource management for variable capacity resources. Traditional resource managers were built with the assumption of constant capacity, scheduling jobs that fail when capacity decreases, causing abrupt job failures and wasted resources. To understand scheduling performance under variable capacity, we define three key dimensions of variation that lead to performance loss. We use cloud and HPC workloads and explore the multi-dimensional capacity change space, characterizing performance in goodput, job failures, and waiting time. To improve performance, we consider intelligent termination policies to cope with capacity loss. Then, we take a broader view to prepare for capacity variation altogether. We consider two dimensions of uncertainty in capacity and workload, exploring the information space. We propose new scheduling techniques that exploit the information to prevent job failures and increase resource efficiency.We evaluate traditional schedulers under varying resource capacities and using a diverse set of HPC and cloud workloads. Results show that capacity variation decreases goodput by 60\%, incurring 40\% job failures. Amongst variability dimensions, dynamic range, structures, and change frequency are all important; each in some cases produces 10 - 40\% goodput losses. Drill down with Google cloud workloads shows that variable capacity can cause serious problems, including up to 70\% goodput loss and 20\% job failures. Careful study of performance versus variability shows that avoiding major harm, such as goodput loss, requires a variation limit of \&lt;10\% range. This prevents the cloud from significant temporal load shifting to reduce carbon emissions.We designed and compared the performance of intelligent termination policies to cope with capacity loss. Results demonstrate that these techniques achieve significant improvements under variations, with 10 - 66\% goodput increase and 1.6 - 3x job failure reduction. Using job progress to minimize wasted computation produces 44\% average goodput increase. Realistic examples show that with scheduling techniques, a typical data center can achieve 15\% carbon emission reduction by exploiting variations. Then, we take a broader view and design new scheduling schemes that prepare for variation using Google cloud workloads. These new schedulers exploit a variety of information about workload and capacity to reduce uncertainty, increasing goodput by up to 180\% and decreasing job failure rate by 5 - 15X. Within the information space, runtime classification is critical. Exploiting this information, LongShort algorithm can drastically increase variation range from \&lt;10 to 50\% while maintaining performance. These results demonstrate great scheduling improvements for capacity variations but require validation with complex workload constraints.While capacity variation poses serious challenges to conventional resource managers, our intelligent resource management shows significant improvement, eliminating the variation penalty and demonstrating promising benefits of future variable capacity data centers.",exclude,EC1,include,IC2,,exclude,foco em data centers
553,CO2 Emission Aware Scheduling for Deep Neural Network Training Workloads,"Machine Learning (ML) training is a growing workload in high-performance computing clusters and data centers; furthermore, it is computationally intensive and requires substantial amounts of energy with associated emissions. To the best of our knowledge, previous works in the area of load management have never focused on decreasing the carbon emission of ML training workloads. In this paper, we explore the potential emission reduction achievable by leveraging the iterative nature of the training process as well as the variability of CO2 signal intensity as coming from the power grid. To this end, we introduce two emission-aware mechanisms to shift the training jobs in time and migrate them between geographical locations. We present experimental results on power and carbon emission of the training process together with delay overheads associated with emission reduction mechanisms, for various, representative, deep neural network models. The results show that following emission signals, one can effectively reduce emissions by an amount that varies from 13\% to 57\% of the baseline cases. Moreover, the experimental results show that the total delay overhead for applying emission-aware mechanisms multiple times is negligible compared to the jobs' completion time.",exclude,EC2,include,IC2,,exclude,foco em ML
599,Data Center Energy Reduction by Lowering Chip-to-Supply Thermal Resistance,"Data centers are estimated to consume up to 2\% of current US electricity production. With increased processor power, rising ambient temperatures, and reduced water availability cooling of data centers is becoming a greater challenge. All electrical power entering a data center must be rejected to the environment as heat. This is typically done via primary and secondary cooling loops. The secondary loop transfers heat from the servers to the facility cooling system. The primary cooling loop rejects heat from the facility cooling system to the environment. The energy cost of rejecting heat to the environment is often high because primary facility coolants are typically kept at 20-30\textdegreeC, which is relatively close to typical ambient climate conditions. Evaporative cooling or chillers are therefore often used to facilitate heat rejection and maintaining the compute room at acceptable temperatures. As chipsets and electronics can often operate at higher temperatures (typically at 70-90\textdegreeC), it is here explored how reducing compute room thermal resistance (thermal resistance of the secondary loop) can impact the energy of the cooling plant of the data center as a whole. This paper explores the benefits of lowering the chip-to-coolant thermal resistance and raising the primary loop water supply temperature in data centers and its effect on cooling plant energy and water usage. A simplified Python model of a data center primary and secondary loop was constructed. Hourly data from U.S. Climate Reference Network weather stations in each US ASHRAE climate zone was then used to drive a dispatching algorithm that decided whether dry coolers, evaporative towers or chillers could be used to reject heat to the environment each hour of the year. This dispatching algorithm was optimized to produce results comparable to those published by cooling system manufacturers for a set of six test cases. The optimized model was then used to predict data center energy and water usage in each US climate zone for a wide range of primary loop water supply temperatures. The model results show that lowering the chip-to-coolant thermal resistance allows the water supply temperature to be increased, leading to an increase in the number of hours that dry coolers can be used in every climate zone throughout the year. This in turn leads to an opportunity to reduce cooling energy consumption, operational CO2 footprint, and water consumption.",exclude,EC2,include,IC2,,exclude,foco em data centers
642,Reducing the Carbon Footprint of Ensemble Weather Forecasting with GPUs,"Climate and Weather Modelling is a highly complex and computationally intensive task which consumes substantial amounts of energy. A desire to improve forecast skill demands further advances in these forecasts, such as increased model fidelity and more comprehensive physical representations of the underlying processes. Another driver towards better forecasts is the goal of uncertainty quantification, with ensembles of forecasts a popular technique. But ensembles place much higher demands on the computational workload as N ensemble members require N times the compute cycles. This leads to an even higher energy demand. This study examines one approach to reducing the energy demands of ensembles by taking advantage of a hardware feature in modern NVIDIA GPUs known as Multi Instance GPU (MIG). This feature allows us to run multiple ensemble members on hardware-isolated GPU slices to maximize efficient use of the GPU resources and subsequently reduce the Carbon Footprint for an Ensemble forecast. We examine both small and large test cases across a range of setups to determine the optimal runtime configuration. Our study shows a 2.S-2.8x reduction in CO2 emissions across all cases which translates into a savings of between 141–171 tonnes of carbon emissions annually per GPU.",exclude,EC1,include,IC2,,exclude,não trata HPC
675,Clover: Toward Sustainable AI with Carbon-Aware Machine Learning Inference Service,"This paper presents a solution to the challenge of mitigating carbon emissions from hosting large-scale machine learning (ML) inference services. ML inference is critical to modern technology products, but it is also a significant contributor to carbon footprint. We introduce, Clover, a carbon-friendly ML inference service runtime system that balances performance, accuracy, and carbon emissions through mixed-quality models and GPU resource partitioning. Our experimental results demonstrate that Clover is effective in substantially reducing carbon emissions while maintaining high accuracy and meeting service level agreement (SLA) targets.",exclude,EC1,include,IC2,,exclude,foca em ML
738,Thermal Performance Characteristic of Single-phase Immersion Cooling on Servers with Optimized Heatsink Design,"The rapid development of artificial intelligence (AI), high performance computing (HPC), communication technology and cloud service has been requesting high performance of servers powered by CPU and GPU in data centers (DCs). In order to meet the commercial and industrial demand, the thermal design power (TDP) of both CPU and GPU has been rising from generation to generation due to constant increase on the core count, cache size and heat flux density. Intel XEON processor has reached 350W and Nvidia's H100 GPU even up to 700W on TDP. This exposes huge challenges on system thermal design with traditional air-cooling solution under current boundary condition of heatsink keep out zone (KOZ), air flow and off-the-shelf heatsink technologies. Therefore, liquid cooling has more attention to address the thermal management challenges from increasing TDP of chips and rack power density in DCs. Among these novel liquid cooling solutions, the singlephase immersion cooling(1-PIC) has emerged due to the special advantages over air-cooling solution in terms of enhanced cooling capability, improved components operation reliability and optimal Power usage effectiveness (PUE).Tencent Cloud (Tencent) has huge amount deployment of servers in DCs globally to respond the demand of all walks of life and consumes huge electricity energy each year. In order to reduce carbon footprint and accomplish green and sustainable DC, one 1-PIC solution prototype with fluorochemical fluid is built to investigate the cooling performance and optimization for application in future. This paper presents both computational fluid dynamics (CFD) analysis and experimental investigation to study the thermal performance characteristic of 1-PIC on servers developed by Tencent on Intel Eagle Stream (EGS) platform. Thermal performance is characterized based on system level to represent the real operation scenarios. Meanwhile, this paper also describes the design of prototype tank, rework on servers for immersion, thermal interface material (TIM) selection and impact on thermal cooling performance from different heatsink design, fluid flowrate and fluid inlet temperature. It is demonstrated that 1-PIC solution could deliver better cooling capability and support higher TDP of CPU than traditional aircooling solution, which could be a promising cooling methodology for high-power server's adoption in DCs.",exclude,EC1,include,IC1,,exclude,só menciona HPC no abstract
742,Low-Cost Green Computing-as-a-Service Testbed for SMEs: Leveraging AI and 6G for Enhanced Productivity,"The exponential growth in computing devices and the emergence of high-computing-dependent applications have led to a significant increase in energy demand. In response, this paper proposes the development of a novel green computing testbed aimed at addressing energy efficiency and sustainability in computing infrastructure. The testbed integrates highly energy-efficient computing infrastructure, a virtual machine-driven on-demand computing ecosystem, and Green AI model development as a service. The state-of-the-art 5G/6G infrastructure and services, such as ultra-low-latency communications, are investigated and identified as suitable for connecting the zero clients (with minimal capabilities) to remote computing and other facilities. Through a comprehensive measurement campaign, the testbed's energy efficiency and sustainability have been evaluated. This research presents a pioneering effort towards achieving sustainability in computing to support Small and Medium-sized Enterprises (SMEs) to enhance productivity with AI, with reduced cost, energy, and minimizing e-waste.",exclude,EC1,include,IC1,,exclude,não trata HPC
769,EcoLife: Carbon-Aware Serverless Function Scheduling for Sustainable Computing,"This work introduces ECOLIFE, the first carbon-aware serverless function scheduler to co-optimize carbon footprint and performance. ECOLIFE builds on the key insight of intelligently exploiting multi-generation hardware to achieve high performance and lower carbon footprint. ECOLIFE designs multiple novel extensions to Particle Swarm Optimization (PSO) in the context of serverless execution environment to achieve high performance while effectively reducing the carbon footprint.",exclude,EC1,include,IC2,,exclude,não trata HPC
778,Advancing Sustainability in Data Centers: Evaluation of Hybrid Air/Liquid Cooling Schemes for IT Payload Using Sea Water,"The growth in cloud computing, Big Data, AI and high-performance computing (HPC) necessitate the deployment of additional data centers (DC's) with high energy demands. The unprecedented increase in the Thermal Design Power (TDP) of the computing chips will require innovative cooling techniques. Furthermore, DC's are increasingly limited in their ability to add powerful GPU servers by power capacity constraints. As cooling energy use accounts for up to 40\% of DC energy consumption, creative cooling solutions are urgently needed to allow deployment of additional servers, enhance sustainability and increase energy efficiency of DC's. The information in this study is provided from Start Campus' Sines facility supported by Alfa Laval for the heat exchanger and CO2 emission calculations. The study evaluates the performance and sustainability impact of various data center cooling strategies including an air-only deployment and a subsequent hybrid air/water cooling solution all utilizing sea water as the cooling source. We evaluate scenarios from 3 MW to 15+1 MW of IT load in 3 MW increments which correspond to the size of heat exchangers used in the Start Campus' modular system design. This study also evaluates the CO2 emissions compared to a conventional chiller system for all the presented scenarios. Results indicate that the effective use of the sea water cooled system combined with liquid cooled systems improve the efficiency of the DC, plays a role in decreasing the CO2 emissions and supports in achieving sustainability goals.",exclude,EC1,include,IC2,,exclude,foco em resfriamento de data centers usando água do mar
787,On Optimizing Hyperparameters for Quantum Neural Networks,"The increasing capabilities of Machine Learning (ML) models go hand in hand with an immense amount of data and computational power required for training. Therefore, training is usually outsourced into HPC facilities, where we have started to experience limits in scaling conventional hardware, as theorized by Moore's law. Despite heavy parallelization and optimization efforts, current state-of-the-art ML models require weeks for training, which is associated with an enormous $CO_2$ footprint. Quantum Computing, and specifically Quantum Machine Learning (QML), can offer significant theoretical speed-ups and enhanced expressive power. However, training QML models requires tuning various hyperparameters, which is a nontrivial task, and suboptimal choices can highly affect the trainability and performance of the models. In this study, we identify main hyperparameters and collect data about the performance of QML models on real-world data. Notably, we build on existing work by also benchmarking different proposed parameter initialization strategies, which should help avoid trainability issues, such as Barren Plateaus. We compare different configurations and provide researchers with performance data and concrete suggestions for hyperparameter selection.",exclude,EC1,include,IC1,,exclude,"foco em hiperparâmetros de QML, HPC como contexto"
836,A Green Cloud-Based Framework for Energy-Efficient Task Scheduling Using Carbon Intensity Data for Heterogeneous Cloud Servers,"Managing modern data centre operations is increasingly complex due to rising workloads and numerous interdependent components. Organizations that still rely on outdated, manual data management methods face a heightened risk of human error and struggle to adapt quickly to shifting demands. This inefficiency leads to excessive energy consumption and higher CO2 emissions in cloud data centres. To address these challenges, integrating advanced automation within Infrastructure as a Service (IaaS) has become essential for IT industries, representing a significant step in the ongoing transformation of cloud computing. For data centres aiming to enhance efficiency and reduce their carbon footprint, intelligent automation provides tangible benefits, including optimized resource allocation, dynamic workload balancing, and lower operational costs. As computing resources remain energy-intensive, the growing demand for AI and ML workloads is expected to surge by 160\% by 2030 (Goldman Sachs). This heightened focus on energy efficiency has driven the need for advanced scheduling systems that reduce carbon emissions and operational expenses. This study introduces a deployable cloud-based framework that incorporates real-time carbon intensity data into energy-intensive task scheduling. By utilizing AWS services, the proposed algorithm dynamically adjusts high-energy workloads based on regional carbon intensity fluctuations, using both historical and real-time analytics. This approach enables cloud service providers and enterprises to minimize environmental impact without sacrificing performance. Designed for seamless integration with existing cloud infrastructures--including AWS, Google Cloud, and Azure--this scalable solution utilizes Kubernetes-based scheduling and containerized workloads for intelligent resource management. By combining automation, real-time analytics, and cloud-native technologies, the framework significantly enhances energy efficiency compared to traditional scheduling methods. Moreover, the proposed system aligns with key United Nations Sustainable Development Goals (SDGs), including climate action (SDG 13), clean energy (SDG 7), sustainable urban development (SDG 11), and infrastructure innovation (SDG 9). By promoting energy-efficient cloud computing, this research supports a more sustainable, cost-effective digital ecosystem that meets the growing demands of high-performance computing and AI-driven workloads.",exclude,EC1,include,IC1,,exclude,"framework de escalonamento em cloud, não HPC"
838,Sustainable-HPC: toward Digital Twin for active management of self-cooled data centers with Renewable Energy Sources and waste heat recovery,"High-performance computing (HPC) data centers are key for advancing research and industry, but their high energy consumption and environmental impact pose critical sustainability challenges. Few HPC centers currently use renewable energy sources, particularly hydrogen-based storage, or integrate waste heat reuse. Recently, Digital Twins (DTs) are proving crucial for advancing sustainable HPC centers, enabling the integration of advanced monitoring and energy optimization with renewable energy sources. They simulate operations, predict maintenance needs, balance workloads, and support renewable integration for enhanced efficiency. The paper first reviews current practices, focusing on the potential of DTs to improve HPC sustainability by dynamically managing resources and optimizing systems, including cooling, power distribution, and load balancing. Then, it illustrates the University of Turin's Sustainable HPC4AI (S-HPC4AI) project, which aims to develop a low impact HPC center to support Artificial Intelligence (AI) research across diverse scientific fields. The facility will feature renewable energy sources, advanced self-cooling, and waste heat recovery, setting a benchmark for energy-efficient, low-carbon HPC infrastructure. Central to the project is the integration of hydrogen and solar energy, with photovoltaic systems providing clean power and hydrogen fuel cells serving as reliable backup sources, reducing reliance on fossil fuels. Waste heat can be transformed into a productive resource for a local automated phenotyping system, reducing energy consumption and environmental impact on the overall. Furthermore, a DT will be developed, integrating BIM with sensors data about performance, resource usage and operating conditions, enabling real-time monitoring and predictive analytics for managing power, cooling, and energy resources. The potential and challenges of the S-HPC4AI model are discussed, suggesting possible solutions.",include,IC1,exclude,EC2,,include,trata especificamente de sustentabilidade em HPC com energia renovável e reuso de calor
851,Sustainable Grid through Distributed Data Centers : Spinning AI Demand for Grid Stabilization and Optimization,"We propose a disruptive paradigm to actively place and schedule TWhrs of parallel AI jobs strategically on the grid, at distributed, grid-aware high performance compute data centers (HPC) capable of using their massive power and energy load to stabilize the grid while reducing grid build-out requirements, maximizing use of renewable energy, and reducing Green House Gas (GHG) emissions. Our approach will enable the creation of new, value adding markets for spinning compute demand, providing market based incentives that will drive the joint optimization of energy and learning.",exclude,EC2,include,IC1,,exclude,foco em estabilização da rede elétrica usando data centers
908,Reducing Digital $\textCO_2$ Footprint in IT Systems Using Temporal Difference Learning for Energy-Aware Scheduling,"Optimizing resource allocation is critical for reducing power consumption and minimizing carbon emissions in high-performance computing environments. This research presents a Deep-Q-Network based Reinforcement Learning DQNAgent to enhance decision-making in CPU/GPU allocation, and workload allocation. For better decision making, the proposed DQNAgent follows an epsilon-greedy policy to balance exploration and exploitation. The agent is trained for 1000 episodes, keeping exploration rate ($\epsilon$) decreases from 1.0 (random action selection) to 0.01 (optimal policy execution), which enables the DQNAgent to make more informed decisions. The DQNAgent is trained on a CPU/GPU workstation. The experimental results clearly indicate that training the agent on a CPU-based system to learn an optimal policy to minimize emissions takes approximately 7 hours and 17 minutes, while utilizing a GPU workstation significantly reduces execution time to less than 2 minutes, thereby accelerating real-time decision-making. Results indicate that the proposed method effectively optimizes energy efficiency, reducing overall power consumption while maintaining computational performance. This research work paves way for leveraging Artificial Intelligence driven reinforcement learning for sustainable and intelligent computing systems.",exclude,EC2,include,IC1,,exclude,"foco em RL para alocação de recursos, não em impactos de HPC"
924,ROA: Energy and Environment Aware Task Scheduling in Cloud Computing,"Efficient task scheduling is a critical concern in cloud computing to ensure optimal resource utilization and sustainable operation. This paper introduces a novel Revolution Optimization Algorithm (ROA) for task scheduling in cloud environments, designed to minimize energy consumption, temperature variation, and carbon emissions. Inspired by socio-political revolutions, ROA incorporates a dynamic strategy that balances exploration and exploitation during the task-to-resource mapping process. The proposed approach is validated using the CloudSim simulator under realistic workload conditions based on the CEA-Curie workload, which reflects high-performance computing scenarios. Performance comparisons were conducted against traditional algorithms such as GA, PSO, and ACO. Experimental results demonstrate that ROA significantly reduces average energy consumption and thermal fluctuations while lowering the environmental impact measured in terms of carbon emissions. The adaptive learning mechanism within ROA enables rapid convergence to optimal solutions, even under fluctuating workloads and heterogeneous cloud resources. Compared to baseline models, ROA achieves an average improvement of 18.7\% in energy efficiency, 16.3\% reduction in temperature variation, and 20.5\% decrease in carbon emissions. These findings suggest that ROA is a promising, eco-efficient solution for sustainable task scheduling in modern cloud computing infrastructures.",exclude,EC1,include,IC2,,exclude,foco em escalonamento em cloud computing
946,Multi-Objective Low-Carbon Scheduling Method for Data Centers Based on Ensemble Reinforcement Learning,"The explosive growth of GPU data centers is driven by the surging demand for machine learning, artificial intelligence, and high-performance computing applications, with the pressure on the power grid intensifying. Meanwhile, as renewable energy becomes more integrated into the grid, the carbon intensity of grid electricity varies at different times. This variability presents an opportunity for data centers to align their workloads with periods of high renewable energy generation and low carbon intensity, thereby reducing their operational carbon emissions. This paper proposes a multi-objective scheduling strategy to minimize carbon emissions and maximize quality of service (QoS) by identifying the Pareto front. The proposed strategy employs an integrated reinforcement learning model to dynamically integrate action strategies for multiple objectives. Results from a case study based on a real-world, large-scale data center illustrate the method's effectiveness. This effectiveness arises from its dual-objective job scheduling strategy, which simultaneously reduces carbon emissions from electricity consumption and maintains a high quality of service in data centers. The method aims to promote the low-carbon operation of data centers, provide decision support, and facilitate coordination between data centers and power systems in real-world applications.",exclude,EC1,include,IC2,,exclude,foco em escalonamento em data centers de GPU
983,Efficient Filtering with BERT Embeddings for Researcher–Topic Affinity Prediction in HPC Pipelines,"Matching researchers to strategic topics is crucial for funding allocation and science policy, yet current solutions often depend on Large Language Models (LLMs), which are prohibitively costly in carbon emissions, especially in High-Performance Computing (HPC) environments. In this work, we formulate researcher-topic affinity prediction as a binary classification task (high vs. non-high) using a real-world dataset of 42,046 Portuguese theses and dissertations defended in Brazil in 2023. We evaluate three families of lightweight filtering mechanisms: (i) lexical baselines, (ii) cosine-similarity thresholding on BERT embeddings, and (iii) lightweight classifiers applied to pooled embeddings. Beyond accuracy, we explicitly account for environmental impact by measuring emissions (kg CO2) using CodeCarbon, which offers a carbon-aware evaluation of model efficiency. Results show that while lexical filters are nearly carbon-free but underperform, similarity thresholding provides modest improvements, and lightweight classifiers deliver the best trade-off in terms of performance. Our best model, Granite embeddings with K-Nearest Neighbors (KNN) and max pooling, achieves an F1-macro of 0.779 with only 0.00227 kg CO2, significantly outperforming baselines while keeping emissions negligible. These findings demonstrate that lightweight classifiers can act as effective pre-filters, routing only high-confidence cases to expensive LLMs, thereby reducing latency, cost, and emissions in HPC pipelines.",exclude,EC1,include,IC2,,exclude,"HPC como ambiente de execução, não objeto de estudo"
1058,Extending the Service Life and Enhancing Efficiency of Panel Boards in High-Demand Environments,"SUMMARYThe demand for electrical power is increasing at an unprecedented rate, driven by the explosive growth of Artificial Intelligence (AI) and the corresponding rise in high-performance computing workloads. In data centers, this surge is pushing the limits of power consumption, requiring robust and scalable infrastructure to support AI-driven operations.Modern data center power distribution architectures are designed to deliver reliable and redundant power from utility sources through switchgear, UPS systems, and distribution units, ultimately reaching server racks via low-voltage panel boards. These panel boards are critical components that manage and distribute power to both compute systems and auxiliary infrastructure such as liquid cooling systems, including chillers and pumps.As server hardware evolves and current densities increase, panel boards must be engineered to remain resilient under elevated thermal and electrical stresses. While liquid cooling improves energy efficiency at the rack level, panel boards must accommodate the increased power demands of both the servers and the cooling systems. This results in higher current flow, which can lead to localized heat losses, accelerated aging, and reduced service life, ultimately impacting the energy efficiency and sustainability of the data center.To address these challenges, we have developed a systematic framework that begins with an analysis of Data Center workloads, environmental conditions, and operating profiles. These inputs are used to identify thermal hotspots and quantify the service life of panel boards under realistic stress conditions. The framework integrates field failure data, mission profile analysis, thermal modeling, and fault tree analysis to pinpoint vulnerabilities and contributing factors.A Design of Experiments (DoE) was created to evaluate thermal stresses under various factors. We investigated the dominant failure mechanisms and identified metrics to monitor degradation. Reliability targets were allocated using a Reliability Block Diagram (RBD) and engineering judgment, which informed the sample size and test duration for an Accelerated Life Test (ALT). A custom test setup was developed to execute the ALT.The DoE and ALT will be implemented, and the resulting data will be used to develop an optimization model aimed at minimizing energy consumption and carbon emissions (CO2e). CO2e, or carbon dioxide equivalent, is a standardized metric used to quantify the total impact of greenhouse gases on climate change. This framework is currently being applied to one panel product, with plans to scale across applicable product lines to enhance reliability and sustainability.The methodology combines several analytical approaches:\textbulletPareto Analysis of Field Failures\textbulletMission Profile Impact Analysis\textbulletThermal Modeling\textbulletQualitative Fault Tree Analysis (FTA)\textbulletDesign of Experiments (DoE)\textbulletAccelerated Life Test (ALT)\textbulletReliability Block Diagram (RBD)Qualitative FTA is used to identify areas of weaknesses and potential factors contributing to the weaknesses. RBD and allocation analysis is used to allocate reliability targets. The data generated from DoE and ALT tests will be utilized to set a baseline and optimize mean life for energy savings and reduced CO2e by determining design solutions aimed at extending the lifetime of the panel boards.This paper outlines a roadmap for advancing reliability engineering practices in the context of electrical distribution equipment, with a particular focus on enhancing the quality, resilience, and sustainability of panel boards used in high-demand environments such as data centers.The proposed framework not only addresses the immediate challenges posed by increasing current densities and thermal stresses but also enables continuous improvement in reliability assessment and design optimization. By integrating mission profile analysis, thermal modeling, and accelerated life testing, the approach provides a quantitative foundation for predicting service life and optimizing performance with respect to energy consumption and carbon emissions (CO2e).",exclude,EC1,include,IC1,,exclude,foco em painéis elétricos de data centers
1205,"Thermal management in high performance computers by use of heat Pipes and vapor chambers, and the challenges of global warming and environment","The trend of the computer processors performance and power consumption has been increased significantly each year. Heat dissipation has been increased but in contrast the size of die on the processor has been reduced or remained the same size due to nano-size circuit technology and thus the heat flux is critically high. The extreme high performance processors heat flux can be over 100 W/cm2, which is likely 10 times higher than the surface of the household standard clothes iron. The intention of this paper is to provide insight into various thermal management solution using heat pipes and vapor chambers as heat transfer devices. This paper includes designs, data, and discussions of various fan sink air cooling designs showing how the design changes to push the limit of the air cooling capability. The utilization of the two-phase fluid phenomena to spread the heat was a key factor to be the leader of extending the air cooling limit capability for high performance computers. In addition to the thermal management for computers, in this paper also include consideration use of heat pipes to prevent global crisis of global warming and environmental impact by reducing green house gas emission. For example, use energy based cooling system such as heat pipes and cold storage system for partial cooling in the existing cooling system of data center can reduce the power electric assumption of the cooling system. Another example such as use of heat pipe to prevent icebergs and glaciers melting in Arctic ocean. Finally, the authors make recommendation what and which way we are going to develop for next generation of high power cooling chips, and our endeavor to use heat pipes in potential application to reduce global warming.",include,IC1,exclude,EC1,paper?,exclude,"artigo de discussão/recomendação sobre gerenciamento térmico, impactos ambientais tratados tangencialmente"
1318,Green-aware workload scheduling in geographically distributed data centers,"Renewable (or green) energy, such as solar or wind, has at least partially powered data centers to reduce the environmental impact of traditional energy sources (brown energy with high carbon footprint). In this paper, we propose a holistic workload scheduling algorithm to minimize the brown energy consumption across multiple geographically distributed data centers with renewable energy sources. While green energy supply for a single data center is intermittent due to daily/seasonal effects, our workload scheduling algorithm is aware of different amounts of green energy supply and dynamically schedules the workload across data centers. The scheduling decision adapts to workload and data center cooling dynamics. Our experiments with real workload traces demonstrate that our scheduling algorithm greatly reduces brown energy consumption by up to 40\% in comparison with other scheduling policies.",exclude,EC1,include,IC1,,exclude,foco em data centers geograficamente distribuídos
1341,Energy efficient computing- Green cloud computing,"Moving towards Cloud Computing, high performance computing usage of huge data center (DC) and huge cluster is increasing day by day and energy consumption by these DC and energy dissipation in environment by these DC is also rising day by day. The large amount of CO2 dissipation in environment has generated the necessity of Green computing (saving energy by recycling it and reusing it over a period of time and minimizing the wastage in terms of usage of resources). More processor chips generates more heat, more heat requires more cooling and cooling again generates heats and thus we come to a stage where we want to balance the system by getting the same computing speed at decreased energy consumption. In this paper we proposed different ideas towards green cloud computing approach.",exclude,EC1,include,IC1,,exclude,"discussão genérica de cloud/data centers, não específica de HPC"
1444,CO2-Aware Adaptation Strategies for Cloud Applications,"The increasing utilization of cloud resources raises several issues related to their environmental impact and, more in general, sustainability. Recently, most of the contributions have focused on energy efficiency achieved through a better physical and virtual resource management. The present paper considers instead the application level, extending the focus to the reduction of CO2 emissions related to the execution of applications. We aim to exploit adaptivity through the design of an Application Controller that, enacting the right adaptation strategy for a given context, allows the improvement of the trade off between QoS and CO2 emission reduction. The effectiveness of the approach has been shown running an HPC application in a federated cloud infrastructure.",exclude,EC1,include,IC2,,exclude,foco em adaptação de aplicações em cloud federada
1462,Zero-Carbon Cloud: A Volatile Resource for High-Performance Computing,"The growing deployment of renewable power generation creates a growing opportunity in ""stranded power"", power that is generated a close to zero-cost, but not usable by the power grid. We propose to use this stranded power to create a ""zero carbon"" high-performance computing resource, exploiting the batch computing model to exploit the volatile power efficiently.",exclude,EC1,include,IC1,,exclude,proposta conceitual curta sobre uso de energia stranded
1508,A practical approach to overcome glitches in achieving high performance computing,"For the past decades as Cloud Computing is becoming a major asset for small and medium scale companies which are competing with large companies either in the form of Infrastructure, Platform, Software, and out of many such aspects, computing is the main aspect. Solution for lots of computing techniques, either related to scientific, industrial or any other area, importance was given to carry out the concept of computing to get the desired results by High Performance Computing but the negative side of it, i.e. whether the computing tasks are leaving a positive carbon foot prints or not and what should be done to achieve these aspects which are being neglected, in this paper we have traced out the various approaches on following which not only gives the positive results related to Carbon foot prints but also if followed properly can lead to increase the efficiency of High Performance Computing.",exclude,EC1,include,IC1,,exclude,discussão superficial sem aprofundamento nos impactos ambientais
1586,SIM-Cumulus: An Academic Cloud for the Provisioning of Network-Simulation-as-a-Service (NSaaS),"Large-scale network simulations are resource and time intensive tasks due to a number of factors i.e., setup configuration, computation time, hardware, and energy cost. These factors ultimately force network researchers to scale-down the scope of experiments, either in terms of simulation entities involved or in abridging expected micro-level details. The Cloud technology facilitates researchers to address mentioned factors by the provisioning of pre-configured instances on shared infrastructure. In this paper, an academic Cloud architecture SIM-Cumulus targeting the research institutions is proposed. SIM-Cumulus provides the framework of virtual machine instances specifically configured for large-scale network simulations, with the aim of efficiency in terms of simulation execution time and energy cost. The performance of SIM-Cumulus is evaluated using large-scale wireless network simulations. Simulation results show that SIM-Cumulus is beneficial in three aspects i.e., 1) promotion of research within the domain of computer networks; 2) consumption of considerably fewer resources in terms of simulation elapsed time and usage cost; and 3) reduction of carbon emission leading toward sustainable IT development.",exclude,EC1,include,IC1,,exclude,"cloud acadêmica para simulação de rede, carbono mencionado tangencialmente"
1909,Towards Extreme and Sustainable Graph Processing for Urgent Societal Challenges in Europe,"The Graph-Massivizer project, funded by the Horizon Europe research and innovation program, researches and develops a high-performance, scalable, and sustainable platform for information processing and reasoning based on the massive graph (MG) representation of extreme data. It delivers a toolkit of five open-source software tools and FAIR graph datasets covering the sustainable lifecycle of processing extreme data as MGs. The tools focus on holistic usability (from extreme data ingestion and MG creation), automated intelligence (through analytics and reasoning), performance modelling, and environmental sustainability tradeoffs, supported by credible data-driven evidence across the computing continuum. The automated operation uses the emerging serverless computing paradigm for efficiency and event responsiveness. Thus, it supports experienced and novice stakeholders from a broad group of large and small organisations to capitalise on extreme data through MG programming and processing. Graph-Massivizer validates its innovation on four complementary use cases considering their extreme data properties and coverage of the three sustainability pillars (economy, society, and environment): sustainable green finance, global environment protection foresight, green AI for the sustainable automotive industry, and data centre digital twin for exascale computing. Graph-Massivizer promises 70\% more efficient analytics than AliGraph, and 30 \% improved energy awareness for extract, transform and load storage operations than Amazon Redshift. Furthermore, it aims to demonstrate a possible two-fold improvement in data centre energy efficiency and over 25 \% lower greenhouse gas emissions for basic graph operations.",exclude,EC1,include,IC1,,exclude,"plataforma de processamento de grafos, HPC como caso de uso"
1975,Sustainable Swarm Intelligence: Assessing Carbon-Aware Optimization in High-Performance AI Systems,"Carbon-aware AI demands clear links between algorithmic choices and verified emission outcomes. This study measures and steers the carbon footprint of swarm-based optimization in HPC by coupling a job-level Emission Impact Metric with sub-minute power and grid-intensity telemetry. Across 480 runs covering 41 algorithms, we report grams CO<sub>2</sub> per successful optimisation and an efficiency index (Formula presented.) (objective gain per kg CO<sub>2</sub>). Results show faster swarms achieve lower integral energy: Particle Swarm emits 24.9 g CO<sub>2</sub> per optimum versus 61.3 g for GridSearch on identical hardware; Whale and Cuckoo approach the best (Formula presented.) frontier, while L-SHADE exhibits front-loaded power spikes. Conservative scale factor schedules and moderate populations reduce emissions without degrading fitness; idle-node suppression further cuts leakage. Agreement between CodeCarbon, MLCO2, and vendor telemetry is within 1.8\%, supporting reproducibility. The framework offers auditable, runtime controls (throttle/hold/release) that embed carbon objectives without violating solution quality budgets. \textcopyright 2025 by the authors.",exclude,EC1,include,IC2,,exclude,"avalia algoritmos de otimização em HPC, não os impactos do HPC"
1980,AI-driven cooling technologies for high-performance data centres: state-of-the-art review and future directions,"The increasing computational demands of artificial intelligence (AI), high-performance computing (HPC), and hyperscale cloud platforms are placing significant thermal and energy pressures on data centre infrastructure. Traditional air-based cooling systems are increasingly inadequate for managing these loads, prompting a transition toward more efficient, scalable, and sustainable alternatives. This study presents a comprehensive, system-wide review of next-generation cooling technologies, including direct liquid cooling, immersion cooling, two-phase systems, spray and jet impingement cooling, and heat pipe-based solutions. Unlike previous reviews focused on component-level or single-technology evaluations, this study integrates technical performance, commercial readiness, and environmental impact across diverse deployment conditions. A detailed comparative framework synthesises thermal efficiency, scalability, and water usage across air, liquid, and hybrid systems. Special attention is given to commercially mature solutions such as RDHx and cold plate DLC, while the feasibility of emerging methods like AI-driven cooling, phase-change materials, and thermoelectric technologies is evaluated. The review further explores heat reuse potential and ESG-aligned design strategies critical to decarbonising digital infrastructure. By mapping trade-offs across performance, cost, and sustainability, this study offers actionable insights for data centre operators, designers, and policy stakeholders navigating the path to high-efficiency, AI-ready cooling. \textcopyright 2025 The Author(s)",exclude,EC1,include,IC2,,exclude,foco em resfriamento de data centers
2006,Large-scale HPC approaches and applications on highly distributed platforms,"The ever-increasing complexity of scientific and industrial challenges due to the enormous amount of data available nowadays requires advanced high-performance computing (HPC) solutions capable of processing and analyzing data efficiently on highly distributed platforms. Traditional centralized HPC systems frequently fall short of the demands of contemporary large-scale applications (e.g., large language models), prompting a move towards more flexible and scalable distributed computing environments. Furthermore, the growing emphasis on the environmental impact of large-scale computing has highlighted the need for sustainable computing practices that minimize energy consumption and carbon footprint. This special issue targets contributions that investigate both the challenges and the opportunities arising from this evolution. The accepted articles highlight enhancements in five key areas: (i) HPC in the cloud continuum, (ii) heterogeneous HPC architectures, performance tools, and programming models, (iii) parallel and distributed algorithms and applications, (iv) data management and storage systems, and (v) sustainable and energy-efficient HPC systems. In total, 29 submissions were received, and 20 papers were selected after a rigorous peer-review process. Collectively, these contributions provide a representative snapshot of current research efforts towards resilient, efficient, and sustainable HPC approaches and applications on highly distributed platforms. \textcopyright 2025 Elsevier B.V. All rights are reserved, including those for text and data mining, AI training, and similar technologies.",exclude,EC3,include,IC1,,exclude,editorial de special issue
2010,F-DATA: A Fugaku Workload Dataset for Job-centric Predictive Modelling in HPC Systems,"In the last decades, High Performance Computing (HPC) systems have accelerated scientific discoveries and innovations across different domains, from epidemic studies to climate science. For sustainable development of HPC systems, it is fundamental to address their environmental impact regarding carbon footprint emission and energy requirement, while ensuring high system throughput. Analyzing and predicting HPC job execution characteristics is instrumental in developing workload management strategies to simultaneously optimize the system throughput and minimize the environmental impact. However, model development for accurate predictions is hindered by lack of voluminous public datasets. In this paper, we present F-DATA, a public dataset containing the information of around 24 million jobs executed on Fugaku, the most powerful supercomputer during the data collection phase. The data contains an extensive set of features, allowing for a multitude of job characteristics prediction. The sensitive job data appears both in anonymized and irreversibly encoded versions. The encoding is based on a Natural Language Processing model and retains sensitive but useful job information for prediction purposes without violating privacy concerns. \textcopyright The Author(s) 2025.",exclude,EC1,include,IC1,,exclude,"paper de dataset, impactos ambientais apenas como motivação"
2123,Optimizing the Impact of Upgrading Computer Equipment,"Upgrading hardware platforms and infrastructure, such as personal computers, servers, or supercomputers, suffer from a tension when it comes to carbon neutrality. Increasing performances are an incentive for fast renewal, while manufacturing environmental costs urge us to extend as much as possible the lifetime of devices. Thus, carbon neutrality seems to be difficult to reach. In this article, we propose a theoretical model with an implementation available online. We study a refreshment of only the CPU and we try to answer quantitatively the question 'what is the optimal point for which we may tend to carbon neutrality'? Our approach tackles a model of the greenhouse gas emissions, the primary energy and the monetary cost of two parameters that vary country by country: the use of a microprocessor, and its fabrication. We investigated three different renewal scenarios comparing two and three CPU versions: (1) maintaining a constant workload capacity, (2) maintaining the amount of processor cores fixed, and (3) keeping the amount of microprocessors fixed. Our results suggest that the most efficient solution (i.e with the lowest impacts) is to replace the entire batch of CPUs with the newer batch as soon as possible, which backs up the idea that modular replacement of hardware components is worth studying to help optimizing the impacts of computer equipment in general. \textcopyright 2024 IEEE.",exclude,EC1,include,IC1,Não sei se tem a ver com HPC pelo abstract,exclude,"modelo genérico de substituição de CPUs, não específico de HPC"
2156,Societal Impacts of Scheduling in HPC and Datacenters,"Our objective within this chapter is to clarify the environmental impacts of HPC platforms and Data Centers. On the first side, these domains contribute significantly to carbon emissions. The total weight of both domains is increasing in absolute terms more rapidly than the gains in energy efficiency. Furthermore, the impact is not just on HPC applications or digital cloud services by themselves, but on the entire ecosystem enabled by digital technology today. On the other side, HPC is helping to reduce the overall environmental footprint in other sectors. Thus, we need to consider the trade-off between the benefits of applications and services and their environmental cost. This is a difficult task since digital technologies are most often hidden and then considered as virtual by the majority of people. In addition, this chapter shows how to develop good practices for energy-efficient architectures and softwares. In particular, we present lifecycle analyses, which make it possible to take everything into account in the carbon footprint, including materiality. One of the fundamental points in our study is to look beyond direct effects and to consider rebound effects when designing new services and applications. \textcopyright selection and editorial matter, Anne Benoit, Andrew A. Chien, and Yves Robert; individual; chapters, the contributors.",exclude,EC3,include,IC1,,exclude,"capítulo de livro, possível dificuldade de acesso"
2166,"Air-Cooled Chillers For Sustainable, High-Density Data Centers","The accelerated adoption of artificial intelligence (AI) has caused a surge in demand for data center capacity--growth projected to triple by 2030.<sup>1</sup> The complex workloads of AI-powered computing mean data centers are shifting toward high-performance compute (HPC) rack densities that often trend toward 50 kW per rack. To keep pace, data center owners must optimize available data hall space, creating higher-density facilities that carry a unique set of challenges when it comes to achieving operational performance and sustainability. This article examines how air-cooled magnetic bearing chillers can enhance energy efficiency, improve water usage effectiveness and support decarbonization in high-density data centers now and in the future. \textcopyright ASHRAE.",exclude,EC1,include,IC1,,exclude,foco em chillers para data centers de alta densidade
2194,Sustainability challenges in high-performance computing manufacturing addressing CO2emissions and energy consumption issues,"This study introduces ADCO, a hybrid model combining adaptive boosting regression (ADAR) with electric charged particles optimization (ECPO), designed to enhance predictive accuracy in modeling the environmental impact of high-performance computing (HPC) manufacturing. There is an environmental cost associated with the drive to develop HPC systems that are quicker and more potent, including increasing CO<sub>2</sub> emissions and energy use. Understanding and reducing HPC's environmental effect is essential as its demand rises. This work uses ADAR and light gradient boosting regression (LGBR) to examine energy usage and CO<sub>2</sub> emissions in HPC manufacturing. smell agent optimization (SAO) and electric charged particles optimization (ECPO) are employed for hyperparameter optimization to achieve high prediction accuracy and model convergence. The results show that the improved models work better and provide insightful information for cutting emissions and energy use in the HPC sector. These results support the creation of more ecologically friendly production methods in a rapidly evolving technological environment. ADCO excelled in predicting energy trends with Test RMSE 50.999 and R<sup>2</sup> 0.986, while ADA struggled, showing higher Test RMSE 79.882 and lower R<sup>2</sup> 0.964. The optimal input for forecasting energy consumption is derived from visualizations that focus on both energy consumption and CO<sub>2</sub> emissions, with cement identified as a key feature in each. \textcopyright 2026 Walter de Gruyter GmbH, Berlin/Boston.",exclude,EC3,include,IC2,,exclude,abstract inconsistente e possivelmente inacessível
2197,Energy Efficiency of a New Parallel PIC Code for Numerical Simulation of Plasma Dynamics in Open Trap,"The generation of energy-efficient parallel scientific codes became very important in the time of carbon footprint reduction. In this paper, we briefly present our latest particle-in-cell code with the results of a numerical simulation of plasma dynamics in an open trap. This code can be auto-vectorized by the Fortran compiler for Intel Xeon processors with AVX-512 instructions such as Intel Xeon Phi and the highest series of all generations of Intel Xeon Scalable processors. Efficient use of processor architecture is the main feature of an energy-efficient solution. We present a step-by-step methodology of energy consumption calculation using Intel hardware features and Intel VTune software. We also give an estimated value of carbon footprint with the impact of high-performance water cooled hardware. The Power Usage Effectiveness (PUE) in the case of high-performance water cooled hardware is equal to 1.03–1.05, and is up to 1.3 in the case of air-cooled systems. This means that power consumption of liquid cooled systems is lower than that air-cooled ones by up to 25\%. All these factors play an important role in the carbon footprint reduction problem. \textcopyright 2022 by the authors.",exclude,EC1,include,IC2,,exclude,"foco em otimização de código paralelo, impactos tratados tangencialmente"
2203,From HPC Datacenters to Grid-integrated AI Datacenters,"To provide understanding of the opportunities and challenges of datacenters, we describe the basic elements of a datacenter – including power distribution, cooling, and of course computing. We elucidate how these systems create opportunities for dynamic flexibility in capacity, the key element required for grid-integration, and the driving motivation for variable capacity scheduling. We discuss grid dynamics and how growing datacenter demand challenges the decarbonization of the grid with variable renewable generation. This leads to discussion of the important role that datacenters can play in both increasing grid power capacity and accelerating grid decarbonization, and what datacenters (and computation workloads) need to do to help society forward into a more sustainable future, combined with the growth of artificial intelligence. Finally, we discuss some implications for scheduling problems, and some interesting research directions. \textcopyright selection and editorial matter, Anne Benoit, Andrew A. Chien, and Yves Robert; individual; chapters, the contributors.",exclude,EC2,include,IC1,,exclude,foco em data centers integrados à rede elétrica
2321,Computility Planning for~Sustainable Supercomputing Centers,"With the surge in computationally intensive applications, supercomputing centers (SCs) must balance high-performance computing with sustainability amid dynamic energy markets and carbon policies. This paper presents the Cost-Effective Optimization Planning (CEOP) framework, which uses Mixed-Integer Linear Programming (MILP) to optimize long-term resource planning across distributed SCs. CEOP integrates time-variant electricity pricing, renewable energy availability, region-specific subsidies, and cross-regional data transmission into a unified model. Its multi-objective optimization minimizes operational costs, energy use, and carbon emissions while meeting service-level agreement (SLA) requirements, effectively balancing cost, sustainability, and performance. Simulations with real-world data show CEOP cuts annual operational costs by about 20\% compared to traditional approaches, providing SC operators with actionable strategies for sustainable, large-scale computing infrastructure. \textcopyright The Author(s), under exclusive license to Springer Nature Singapore Pte Ltd. 2026.",exclude,EC1,include,IC1,,exclude,foco em planejamento de custos em supercomputing centers
2492,Chasing Carbon: The Elusive Environmental Footprint of Computing,"Given recent algorithm, software, and hardware innovation, computing has enabled a plethora of new applications. As computing becomes increasingly ubiquitous, however, so does its environmental impact. This paper brings the issue to the attention of computer-systems researchers. Our analysis, built on industry-reported characterization, quantifies the environmental effects of computing in terms of carbon emissions. Broadly, carbon emissions have two sources: operational energy consumption, and hardware manufacturing and infrastructure. Although carbon emissions from the former are decreasing thanks to algorithmic, software, and hardware innovations that boost performance and power efficiency, the overall carbon footprint of computer systems continues to grow. This work quantifies the carbon output of computer systems to show that most emissions related to modern mobile and data-center equipment come from hardware manufacturing and infrastructure. We therefore outline future directions for minimizing the environmental impact of computing systems. \textcopyright 2021 IEEE.",exclude,EC1,include,IC2,,exclude,"escopo amplo em computação, não específico de HPC"
2503,Toward Sustainable and~Cost-Efficient HPC Systems: A Deep Reinforcement Learning Job Scheduling Approach,"Hybrid-powered High Performance Computing (HPC) centers can reduce both operational costs and carbon footprints by aligning job execution with renewable supply and time-varying electricity prices. However, existing Deep Reinforcement Learning (DRL) schedulers often neglect price signals, rely on synthetic energy traces, or conflate job selection and delay, limiting their real-world applicability. This work introduces a cost-aware, multi-action DRL framework that embeds a hybrid energy cost model into an HPC scheduling environment, enabling agents to incorporate dynamic price signals and renewable forecasts while decoupling job selection from execution delay. Evaluated on production-scale workload traces and measured renewable profiles, the proposed scheduler consistently reduces energy costs, improves renewable utilization, and maintains competitive job responsiveness compared with heuristic and learning-based baselines. These results demonstrate a practical path toward economically and environmentally sustainable HPC operations. \textcopyright The Author(s), under exclusive license to Springer Nature Singapore Pte Ltd. 2026.",include,IC1,exclude,EC2,,include,escalonamento DRL em HPC considerando energia renovável e pegada de carbono
2636,Preventing the Immense Increase in the Life-Cycle Energy and Carbon Footprints of LLM-Powered Intelligent Chatbots,"Intelligent chatbots powered by large language models (LLMs) have recently been sweeping the world, with potential for a wide variety of industrial applications. Global frontier technology companies are feverishly participating in LLM-powered chatbot design and development, providing several alternatives beyond the famous ChatGPT. However, training, fine-tuning, and updating such intelligent chatbots consume substantial amounts of electricity, resulting in significant carbon emissions. The research and development of all intelligent LLMs and software, hardware manufacturing (e.g., graphics processing units and supercomputers), related data/operations management, and material recycling supporting chatbot services are associated with carbon emissions to varying extents. Attention should therefore be paid to the entire life-cycle energy and carbon footprints of LLM-powered intelligent chatbots in both the present and future in order to mitigate their climate change impact. In this work, we clarify and highlight the energy consumption and carbon emission implications of eight main phases throughout the life cycle of the development of such intelligent chatbots. Based on a life-cycle and interaction analysis of these phases, we propose a system-level solution with three strategic pathways to optimize the management of this industry and mitigate the related footprints. While anticipating the enormous potential of this advanced technology and its products, we make an appeal for a rethinking of the mitigation pathways and strategies of the life-cycle energy usage and carbon emissions of the LLM-powered intelligent chatbot industry and a reshaping of their energy and environmental implications at this early stage of development. \textcopyright 2024 Chinese Academy of Engineering",exclude,EC1,include,IC1,,exclude,"foco em chatbots LLM, supercomputadores mencionados apenas como parte do ciclo"
2644,HiPPO-KAN-GNN: A Novel Graph Neural Networks-Based Extension to~Temporal Kolmogorov-Arnold Networks for~Multivariate Time Series Forecasting,"Time series forecasting faces challenges from non-stationarity, complex dependencies, and computational demands. Temporal Kolmogorov-Arnold Networks (TKANs) have emerged as a promising alternative to traditional deep learning models, leveraging learnable univariate functions for improved parameter efficiency and interpretability. However, a systematic comparison of TKAN variants is lacking. This paper presents the first comprehensive evaluation of state-of-the-art TKAN models, including TimeKAN, RMoK, and MT-KAN, across large-scale benchmark datasets. We identify a shared limitation in modeling inter-variable dependencies for multivariate forecasting and introduce HiPPO-KAN-GNN, a novel extension incorporating Graph Neural Networks to address this issue. Experiments on a high-performance computing cluster demonstrate consistent accuracy improvements with our model. Additionally, we conduct a sustainability analysis, measuring energy consumption and carbon footprint, offering critical insights for green AI deployment. This study provides a holistic view of TKANs' performance, scalability, and environmental impact, advancing both their practical application and sustainable machine learning research. \textcopyright The Author(s), under exclusive license to Springer Nature Switzerland AG 2026.",exclude,EC1,include,IC2,"Não está falando explicitamente de HPC, mas me parece algo complexo para não ser rodado em um HPC",exclude,"HPC como ferramenta para forecasting, não objeto de estudo"
2669,Comparison of flame propagation statistics extracted from direct numerical simulation based on simple and detailed chemistry--part 1: Fundamental flame turbulence interaction,"In the present study, flame propagation statistics from turbulent statistically planar pre-mixed flames obtained from simple and detailed chemistry, three-dimensional Direct Numerical Simulations, were evaluated and compared to each other. To this end, a new database was estab-lished encompassing five different conditions on the turbulent premixed combustion regime dia-gram, using nearly identical numerical methods and the same initial and boundary conditions. A detailed discussion of the advantages and limitations of both approaches is provided, including the difference in carbon footprint for establishing the database. It is shown that displacement speed statistics and their interrelation with curvature and tangential strain rate are in very good qualita-tive and reasonably good quantitative agreement between simple and detailed chemistry Direct Numerical Simulations. Hence, it is concluded that simple chemistry simulations should retain their importance for future combustion research, and the environmental impact of high-performance computing methods should be carefully chosen in relation to the goals to be achieved. \textcopyright 2021 by the authors. Licensee MDPI, Basel, Switzerland.",exclude,EC1,include,IC1,,exclude,"foco em simulação de combustão, HPC como infraestrutura"
2682,Data Centers and Water: Challenges and Solutions for Sustainable Cooling,"Data center operations require vast quantities of water, often in regions where access is limited. As data centers expand to meet the surging demands of artificial intelligence and high-performance computing, their water and energy use has become a pressing challenge. Data centers' water use results in potential ecological risks from discharge of heated water and elevated salinity. Innovative strategies can help data centers mitigate the negative effects they have on water supply and environmental health. \textcopyright 2025 American Water Works Association.",exclude,EC1,include,IC1,,exclude,foco em uso de água em data centers
2754,Green Algorithms: Quantifying the Carbon Footprint of Computation,"Climate change is profoundly affecting nearly all aspects of life on earth, including human societies, economies, and health. Various human activities are responsible for significant greenhouse gas (GHG) emissions, including data centers and other sources of large-scale computation. Although many important scientific milestones are achieved thanks to the development of high-performance computing, the resultant environmental impact is underappreciated. In this work, a methodological framework to estimate the carbon footprint of any computational task in a standardized and reliable way is presented and metrics to contextualize GHG emissions are defined. A freely available online tool, Green Algorithms (www.green-algorithms.org) is developed, which enables a user to estimate and report the carbon footprint of their computation. The tool easily integrates with computational processes as it requires minimal information and does not interfere with existing code, while also accounting for a broad range of hardware configurations. Finally, the GHG emissions of algorithms used for particle physics simulations, weather forecasts, and natural language processing are quantified. Taken together, this study develops a simple generalizable framework and freely available tool to quantify the carbon footprint of nearly any computation. Combined with recommendations to minimize unnecessary CO<sub>2</sub> emissions, the authors hope to raise awareness and facilitate greener computation. \textcopyright 2021 The Authors. Advanced Science published by Wiley-VCH GmbH",exclude,EC1,include,IC2,,exclude,"framework genérico para qualquer computação, não específico de HPC"
2778,Scalable Deep Learning for~Industry 4.0: Speedup with~Distributed Deep Learning and~Environmental Sustainability Considerations,"This paper presents a solution for leveraging High-Performance Computing (HPC) infrastructures, and investigates the integration of distributed deep learning (DDL) techniques~to address Industry 4.0 challenges across three distinct applications: intrusion detection with multi-layer perceptron, defect identification with convolutional neural networks, and predictive maintenance with recurrent neural network. Experimental results, underscore the scalability and efficiency of the proposed~DDL approach. Notably, computations are accelerated by up to 46 times. In addition to performance metrics, this research places significant emphasis on environmental sustainability. Detailed examination~of energy consumption patterns on the HPC infrastructure aims~to minimize the carbon footprint associated with deep learning processes. This dual focus on efficiency and sustainability positions the approach as a holistic and responsible solution~for Industry~4.0 applications. The practical insights enhance~the efficiency of deploying DDL in HPC infrastructure. Additionally, they highlight the significance of eco-friendly AI practices~for ethical and environmentally sustainable technological progress. \textcopyright The Author(s), under exclusive license to Springer Nature Switzerland AG 2024.",exclude,EC1,include,IC1,,exclude,"foco em DL distribuído para Indústria 4.0, HPC como infraestrutura"
2860,Environmental and economic costs behind LLMs,"Purpose: To discuss the economic and environmental implications of implementing large language models (LLMs) in radiology, highlighting both their transformative potential and the challenges they pose for equitable and sustainable adoption. Methods: Current trends in AI investment, infrastructure requirements, operational costs, and environmental impact associated with LLMs are analyzed, highlighting the specific challenges of integrating LLMs into radiological workflows, including data privacy, regulatory compliance, and cost barriers for healthcare institutions. The analysis also considers the costs of model validation, maintenance, and updates, as well as investments in system integration, staff training, and cybersecurity for clinical implementation. Results: LLMs have revolutionized natural language processing and offer promising applications in radiology, such as improved diagnostic support and workflow optimization. However, their deployment involves substantial financial and environmental costs. Training and operating these models require high-performance computing infrastructure, significant energy consumption, and large volumes of annotated data. Water usage and CO₂ emissions from data centers further raise sustainability concerns, while ongoing operational costs add to the financial burden. Subscription fees and per-query pricing may restrict access for smaller institutions, widening existing inequalities. Conclusion: While LLMs offer significant benefits for radiology, their high economic and environmental costs present challenges to widespread and equitable adoption. Responsible use, sustainable practices, and policy frameworks are essential to ensure that AI-driven innovations do not exacerbate existing disparities in healthcare access and quality. \textcopyright CARS 2026.",exclude,EC1,include,IC1,,exclude,foco em LLMs em radiologia
2937,Toward a GPU-enabled billionaire SVD in pyLOM,"We develop and implement an accelerated high-performance and open-source computing environment for model order reduction in fluid dynamics called pyLOM. It contains singular value decomposition-based algorithms implemented for massively parallel GPU architectures. The library is profiled in detail under the MareNostrum V supercomputer. The largest case has been computed under 20~s with 100 GPUs and consisted of a billion nodes by a thousand snapshots matrix. A hybrid CPU-GPU parallel randomized QR factorization has been found to be able to leverage such large matrices. The largest speedup factor of 83 has been found on the QR factorization, while the matrix–matrix multiplication has shown a speedup factor of about 2. Additionally, two examples of application are provided in the flow around a cylinder and the Windsor body, whose POD is computed under 3~s with 100 GPUs. This showcases the efficiency of GPUs, resulting in a 97\% reduction in energy to solution and a reduction of 0.11 kg of CO2 emissions. The scalability and efficiency achieved suggest that this framework can play a key role in reducing the energy demands and environmental impact of large-scale data analysis and model order reduction across a wide range of applications. \textcopyright The Author(s) 2026.",exclude,EC1,include,IC1,,exclude,"foco em aplicação de SVD em GPUs, não em impactos de HPC"
3053,"Cloud-computing approach for an environmental, social, and corporate governance focus in universities and businesses","There is an increasing demand for high-performance computing on geophysical exploration applications, which implies more carbon emissions due to higher energy consumption. Furthermore, there is increasing concern about the environmental and social impact that this can generate. We show how cloud computing can handle these challenges simultaneously and thereby assist business leaders in their decision-making. Cloud computing is a paradigm in which users rent computing capacity from providers on a pay-as-you-go basis, thereby reducing the carbon footprint by up to 88\%. It can run software for years uninterrupted using the same capital required to acquire and run on-premises infrastructure, even if such infrastructure has over a thousand graphics processing units. However, the managers must consider that challenges arise from using the cloud, such as trusting their data in a third-party server and expenses throughout the years, especially with storage. \textcopyright 2021 EAGE Publishing BV. All rights reserved.",exclude,EC1,include,IC1,Parece que sim?,exclude,foco em cloud computing para exploração geofísica
3287,The Double- Edged Sword: Evaluating the Climate Impact of Speech Processing Technologies,"Speech artificial intelligence has become central to digital life, yet its carbonfootprint is substantial. Training large-scale models requires high-performance computing, driving electricity demand and greenhouse gas emissions. While inference is lighter per task, billions of daily interactions on smartphones, smart speakers, and call centers magnify energy use. Indirect impacts include data centers, global networking, and device manufacturing, contributing embodied carbon and e-waste, worsened by always-listening devices and raphardware turnover. Uneven renewable energy adoption across regions deepens inequalities. To align with the Sustainable Development Goals, sustainable speech processing advances lightweight architectures, pruning, quantization, and hardware-software co-optimization. Strategies such as green data centers, edge deployment, and lifecycle assessment reflect a circular economy perspective, framing responsible AI as vital for balancing innovation, accessibility, and environmental stewardship. \textcopyright 2026, IGI Global Scientific Publishing. All rights reserved.",exclude,EC1,include,IC1,,exclude,"foco em IA de processamento de fala, HPC tangencial"
3383,Energy Analysis Of Rear Door Heat Exchangers In Data Centers With Spatial Workload Distribution,"Data centers have complex environments that undergo constant changes due to fluctuations in IT load, commissioning and decommissioning of IT equipment, heterogeneous rack architectures and varying environmental conditions. These dynamic factors often pose challenges in effectively provisioning cooling systems, resulting in higher energy consumption. To address this issue, it is crucial to consider data center thermal heterogeneity when allocating workloads and controlling cooling, as it can impact operational efficiency. Computational Fluid Dynamics (CFD) models are used to simulate data center heterogeneity and analyze the impact of two different cooling mechanisms on operational efficiency. This research focuses on comparing the cooling based on facility water for Rear Door Heat Exchanger (RDHx) and conventional Computer Room Air Conditioning (CRAH) systems in two different data center configurations. Efficiency is measured in terms of ∆T across facility water. Higher ∆T will result in efficient operation of chillers. The actual chiller efficiency is not calculated as it would depend on local ambient conditions in which the chiller is operated. The first data center model represents a typical enterprise-level configuration where all servers and racks have homogeneous IT power. The second model represents a colocation facility where server/rack power configurations are randomly distributed. These models predict temperature variations at different locations based on IT workload and cooling parameters. Traditionally, CRAH configurations are selected based on total IT power consumption, rack power density, and required cooling capacity for the entire data center space. On the other hand, RDHx can be scaled based on individual rack power density, offering localized cooling advantages. Multiple workload distribution scenarios were simulated for both CRAH and RDHx-based data center models. The results showed that RDHx provides a uniform thermal profile across the data center, irrespective of server/rack power density or workload distribution. This characteristic reduces the risk of over- or under-provisioning racks when using RDHx. Operational efficiency is compared in terms of difference in supply and return temperature of facility water for CRAH and RDHx units based on spatial heat dissipation and workload distribution. RDHx demonstrated excellent cooling capabilities while maintaining a higher \ensuremath\DeltaT, resulting in reduced cooling energy consumption, operational carbon footprint (?), and water usage. Copyright \textcopyright 2023 by ASME.",exclude,EC2,include,IC1,,exclude,foco em resfriamento de data centers
3437,The imperative to reduce carbon emissions in astronomy,"For astronomers to make a significant contribution to the reduction of climate change-inducing greenhouse gas emissions, we first must quantify the sources of our emissions and review the most effective approaches for reducing them. Here we estimate that Australian astronomers' total greenhouse gas emissions from their regular work activities are \greaterequivlnt25 ktCO<sub>2</sub>e yr<sup>–1</sup> (equivalent kilotonnes of carbon dioxide per year). This can be broken into ~15 ktCO<sub>2</sub>e yr<sup>–1</sup> from supercomputer usage, ~4.2 ktCO<sub>2</sub>e yr<sup>–1</sup> from flights (where individuals' flight emissions correlate with seniority), >3.3 ktCO<sub>2</sub>e yr<sup>–1</sup> from the operation of observatories, and 2.6 \pm 0.4 ktCO<sub>2</sub>e yr<sup>–1</sup> from powering office buildings. Split across faculty scientists, postdoctoral researchers and PhD students, this averages to \greaterequivlnt37 tCO<sub>2</sub>e yr<sup>–1</sup> per astronomer, more than 40\% greater than the average Australian non-dependant's emissions in total, and equivalent to around five times the global average. To combat these environmentally unsustainable practices, we suggest that astronomers should strongly preference the use of supercomputers, observatories and office spaces that are predominantly powered by renewable energy sources. Where current facilities do not meet this requirement, their funders should be lobbied to invest in renewables, such as solar or wind farms. Air travel should also be reduced wherever possible, replaced primarily by video conferencing, which should also promote inclusivity. \textcopyright 2020, Springer Nature Limited.",exclude,EC1,include,IC2,,exclude,"foco em emissões da astronomia em geral, supercomputação como uma das fontes"
3758,TopADDPi: An Affordable and Sustainable Raspberry Pi Cluster for Parallel-Computing Topology Optimization,"Parallel-Computing Topology Optimization (PCTO) has gained importance, especially with the advancement of additive manufacturing (AM), due to its ability to tackle high-dimensional, high-resolution challenges. PCTO is highly relevant to sustainable manufacturing processes and technologies, enabling resource-efficient designs, reduced emissions, and advancements in Industry 4.0 integration. However, PCTO poses difficulties for newcomers or researchers, mainly because of its reliance on non-traditional computing environments and the limited availability of high-performance computing (HPC) resources. Addressing this, the study introduces TopADDPi, a Raspberry Pi-based cluster system, which has been purpose-built to facilitate learning and research in PCTO. It provides detailed instructions for assembling and configuring a Raspberry Pi cluster, with a focus on cost-effectiveness and ease of use. The study thoroughly investigates how different hardware and software configurations affect computing efficiency. In addition, through extensive numerical testing, the performance, energy consumption, and environmental impact of the Raspberry Pi cluster are benchmarked against conventional computing systems. The findings demonstrate the cluster's advantages in handling parallel computing, its indispensable role in debugging, its remarkable energy efficiency, and its significantly reduced carbon footprint compared to conventional systems. These attributes establish the Raspberry Pi cluster as an invaluable tool for both educational and research applications in structural engineering, offering an affordable, sustainable, and indispensable solution for PCTO. \textcopyright 2025 by the authors.",exclude,EC1,include,IC1,,exclude,"cluster de Raspberry Pi como alternativa, não estudo de HPC"
