paper_id,title,abstract,publication_year,doi,satisfy_ic1,satisfy_ic2,from_snowballing,papers_backward_snowballing,papers_forward_snowballing,citation_key,publication_type,venue,venue_type
1,Sustainability and High Performance Computing,"The use of High Performance Computing (HPC) has become a fundamental aspect of scientific research, industrial innovation and complex data analytics. However, the growing demand for faster and more powerful computational capabilities has resulted in a significant increase in energy consumption and associated environmental impacts. This paper aims to investigate the relationship between sustainability and HPC, with the objective of identifying methodologies that can make HPC systems more environmentally friendly without compromising their performance. © The Author(s), under exclusive license to Springer Nature Switzerland AG 2025.",2025,10.1007/978-3-031-78093-6_21,1.0,0.0,0.0,30.0,2.0,masciari2025Sustainability,conference paper,Information Integration and Web Intelligence: 26th International Conference (iiWAS 2024),general cs
2,Environment-conscious scheduling of HPC applications on distributed Cloud-oriented data centers,"The use of High Performance Computing (HPC) in commercial and consumer IT applications is becoming popular. HPC users need the ability to gain rapid and scalable access to high-end computing capabilities. Cloud computing promises to deliver such a computing infrastructure using data centers so that HPC users can access applications and data from a Cloud anywhere in the world on demand and pay based on what they use. However, the growing demand drastically increases the energy consumption of data centers, which has become a critical issue. High energy consumption not only translates to high energy cost which will reduce the profit margin of Cloud providers, but also high carbon emissions which are not environmentally sustainable. Hence, there is an urgent need for energy-efficient solutions that can address the high increase in the energy consumption from the perspective of not only the Cloud provider, but also from the environment. To address this issue, we propose near-optimal scheduling policies that exploit heterogeneity across multiple data centers for a Cloud provider. We consider a number of energy efficiency factors (such as energy cost, carbon emission rate, workload, and CPU power efficiency) which change across different data centers depending on their location, architectural design, and management system. Our carbon/energy based scheduling policies are able to achieve on average up to 25% of energy savings in comparison to profit based scheduling policies leading to higher profit and less carbon emissions. © 2010 Elsevier Inc. All rights reserved.",2011,10.1016/j.jpdc.2010.04.004,1.0,0.0,0.0,60.0,463.0,garg2011Environmentconscious,journal paper,Journal of Parallel and Distributed Computing,parallel distributed
3,A Digital Twin Framework for Liquid-cooled Supercomputers as Demonstrated at Exascale,"We present ExaDigiT, an open-source framework for developing comprehensive digital twins of liquid-cooled supercomputers. It integrates three main modules: (1) a resource allocator and power simulator, (2) a transient thermo-fluidic cooling model, and (3) an augmented reality model of the supercomputer and central energy plant. The framework enables the study of 'what-if' scenarios, system optimizations, and virtual prototyping of future systems. Using Frontier as a case study, we demonstrate the framework's capabilities by replaying six months of system telemetry for systematic verification and validation. Such a comprehensive analysis of a liquid-cooled exascale supercomputer is the first of its kind. ExaDigiT elucidates complex transient cooling system dynamics, runs synthetic or real workloads, and predicts energy losses due to rectification and voltage conversion. Throughout our paper, we present lessons learned to benefit HPC practitioners developing similar digital twins. We envision the digital twin will be a key enabler for sustainable, energy-efficient supercomputing. © 2024 IEEE.",2024,10.1109/SC41406.2024.00029,1.0,0.0,0.0,77.0,20.0,brewer2024Digital,conference paper,"International Conference for High Performance Computing, Networking, Storage and Analysis, SC",hpc systems
4,Toward Sustainable HPC: In-Production Deployment of Incentive-Based Power Efficiency Mechanism on the Fugaku Supercomputer,"This paper describes the deployment and operational experience of a novel incentive-based power-control strategy on the Fugaku supercomputer. Our incentive-based program, termed Fugaku Points, provides knobs to users to apply power control functions to improve the overall power efficiency of the supercomputer toward achieving HPC sustainability in terms of its environmental implications. We also discuss new operational opportunities, challenges, and future directions.",2024,10.1109/SC41406.2024.00030,1.0,0.0,0.0,47.0,8.0,solorzano2024Sustainable,conference paper,"SC24: International Conference for High Performance Computing, Networking, Storage and Analysis",hpc systems
5,Designing an Energy-Efficient HPC Supercomputing Center,"This paper presents design considerations that drive the development of an energy-efficient, high performance computing (HPC) data center facility. Key electrical and mechanical design considerations will be presented that maximize facility efficiency, both in construction and in ongoing operations. A case study is provided that applies these design decisions to multiple development alternatives for Los Alamos National Laboratory (LANL).We evaluated alternatives ranging from 20 MW to 80 MW of power and cooling, and compared new buildings to upgrading the existing HPC Super Computer Center.The four principles guiding the design decisions are flexibility to support future systems, sustainability, lifecycle costs and initial cost.",2019,10.1145/3339186.3339212,1.0,0.0,0.0,7.0,9.0,strevell2019Designing,conference paper,Workshop Proceedings of the 48th International Conference on Parallel Processing,parallel distributed
6,Toward Sustainable HPC: Carbon Footprint Estimation and Environmental Implications of HPC Systems,"The rapid growth in demand for HPC systems has led to a rise in carbon footprint, which requires urgent intervention. In this work, we present a comprehensive analysis of the carbon footprint of high-performance computing (HPC) systems, considering the carbon footprint during both the hardware manufacturing and system operational stages. Our work employs HPC hardware component carbon footprint modeling, regional carbon intensity analysis, and experimental characterization of the system life cycle to highlight the importance of quantifying the carbon footprint of HPC systems.",2023,10.1145/3581784.3607035,1.0,0.0,0.0,89.0,36.0,li2023Sustainable,conference paper,"SC '23: International Conference for High Performance Computing, Networking, Storage and Analysis",hpc systems
7,Sustainability in HPC: Vision and Opportunities,"Tackling climate change by reducing and eventually eliminating carbon emissions is a significant milestone on the path toward establishing an environmentally sustainable society. As we transition into the exascale era, marked by an increasing demand and scale of HPC resources, the HPC community must embrace the challenge of reducing carbon emissions from designing and operating modern HPC systems. In this position paper, we describe challenges and highlight different opportunities that can aid HPC sites in reducing the carbon footprint of modern HPC systems.",2023,10.1145/3624062.3624271,1.0,0.0,0.0,46.0,2.0,chadha2023Sustainability,conference paper,"SC-W 2023: Workshops of The International Conference on High Performance Computing, Network, Storage, and Analysis",hpc systems
8,Towards Zero-Carbon Data Movement at the HPC and Cloud Data Centers,"The proliferation of scientific applications, the Internet of Things (IoT), social media, and e-commerce has led to an exponential growth in data generation, consequently fueling the demand for large-scale data analytics systems. Consequently, the transfer of data over the Internet has escalated to an unprecedented scale, surpassing the zettabyte mark [37]. As data generation rates continue to surge, the carbon footprint associated with data movement has emerged as a pressing concern, particularly for High-Performance Computing (HPC) and Cloud data centers. Projections indicate that by 2030, information and communication technologies will account for 8%–21% of global electricity usage [6]. HPC and Cloud data centers and communication networks contribute to 69% of the overall power consumption within the IT sector [4]. Within this segment, data transfers alone consume over a hundred terawatt-hours of energy annually, amounting to a staggering $20 billion USD [6]. The environmental implications are equally monumental, with information and communication technologies projected to be responsible for a staggering 14% of carbon emissions by 2040 [6]. These trends have spurred significant efforts to reduce energy consumption in hardware and software systems, as well as networking devices.",2023,10.1109/JVA60410.2023.00019,1.0,0.0,0.0,40.0,1.0,kosar2023ZeroCarbon,conference paper,2023 IEEE John Vincent Atanasoff International Symposium on Modern Computing (JVA),general cs
9,The Environmental Cost of High Performance Computing System Simulation,"In this research paper, we explore the essential role of High Performance Computing (HPC) in the current techno-logical era, highlighting its extensive use in various sectors, while also considering growing alarm over its environmental footprint. High performance computing systems are essential for managing large data sets and solving complex challenges. However, their significant contribution to escalating energy consumption and carbon emissions in the information and communication technology (ICT) sector cannot be ignored. Our study identifies the increasing energy demands and environmental challenges associated with HPC activities, including resource use, electrical waste and greenhouse gas emissions. It highlights the importance of understanding these environmental impacts in detail. It also contributes to the ongoing dialogue on sustainable computing, promoting a harmonious future where technological progress and environmental sustainability can coexist in unison.",2024,10.1109/PDP62718.2024.00048,1.0,0.0,0.0,35.0,7.0,masciari2024Environmental,conference paper,"2024 32nd Euromicro International Conference on Parallel, Distributed and Network-Based Processing (PDP)",parallel distributed
10,Calculating User-Centric Carbon Footprints for HPC,"Sustainable computing necessitates metrics for calculating carbon emissions of HPC systems and applications. While some established metrics focus on the data center level targeting HPC operators, any publicly reported data is too unspecific and untimely for HPC users. HPC users are often left only with the ability to estimate based on generic and sometimes arbitrarily chosen parameters. This paper fills a research gap by providing a methodology for HPC operators to calculate user-centric operational carbon footprints. Three carbon accounting levels are defined, focussing on ease of applicability for initial adoption and incrementally increasing reporting accuracy and time resolution. We apply this methodology to two German HPC centers, providing a variability analysis for the calculation parameters. The results reveal significant hourly, daily, and monthly fluctuations in the carbon intensity of the German energy mix and the clusters' power consumption, as well as hourly and monthly trends for the power usage effectiveness if free air cooling is employed.",2024,10.1109/CLUSTERWorkshops61563.2024.00015,0.0,1.0,0.0,39.0,3.0,wassermann2024Calculating,conference paper,2024 IEEE International Conference on Cluster Computing Workshops (CLUSTER Workshops),hpc systems
11,Electrical cost savings and clean energy usage potential for HPC workloads,"Data centres containing high-performance computing (HPC) clusters may be able to coordinate with the operation of wind farms for mutual benefit. Large data centres consume megawatts of power, typically accounting for a majority of life cycle carbon emissions and a significant portion of the total cost of ownership. We ran simulations to explore the potential for data centres to adapt to dynamic electrical prices, variation in carbon intensity within an electrical grid, or the availability of local renewables. Using workloads from the Parallel Workloads Archive alongside real-world pricing data, we demonstrate potential savings on the cost of electricity ranging typically between 10-50%. Adaptation to the variation in the electrical grid carbon intensity was not as successful, but adaptation to the availability of local renewables showed potential to significantly increase their use. In one example the fraction of power obtained from a local wind installation increased by 10-80%. © 2011 IEEE.",2011,10.1109/ISSST.2011.5936911,1.0,0.0,0.0,25.0,14.0,aikema2011Electrical,conference paper,"Proceedings of the 2011 IEEE International Symposium on Sustainable Systems and Technology, ISSST 2011",sustainability energy
12,Direct waste heat utilization from liquid-cooled supercomputers,"Chip microscale liquid-cooling reduces conductive and convective resistance thereby improving the efficiency of datacenters by allowing coolant temperatures above the free cooling limit in all climates. This eliminates the need for chillers and allows the thermal energy to be re-used in cold climates. Replacing the combustion processes for secondary users with recycled heat from the datacenter effectively eliminates carbon dioxide emission during the winter season and reduces operating cost throughout the year. The energy balance of emission-reduced datacenters is compared with a classical air cooled datacenter, a datacenter with free cooling in a cold climate zone, and a datacenter with chiller-mediated energy re-use. Hot water cooled datacenters reduce the effective energy cost by almost a factor of two compared to a current datacenter and reduce the carbon footprint by an even larger factor. Our energy re-use concept has been demonstrated in terms of cost and energy savings in a 60°C liquid cooled supercomputer. Additional alternative energy re-use schemes in hot climates for desalination and adsorption cooling allow close to full use of datacenter heat in all climates and all seasons. Output temperatures for these applications compared to space heating need to be 10-20°C higher which becomes possible through hotspot adapted cooling that eliminates mixing of fluids with different temperatures. In addition, interlayer cooled chip stacks allow double sided hotspot optimized cooling even closer to the heat source with low flow rates and low pumping power. This improves the large efficiency gain that becomes possible through 3D chip stacking. © 2010 by ASME.",2010,10.1115/IHTC14-23352,1.0,0.0,0.0,47.0,51.0,brunschwiler2010Direct,conference paper,2010 14th International Heat Transfer Conference,domain specific
13,Towards Sustainability and Energy Efficiency Using Data Analytics for HPC Data Center,"High-performance computing (HPC) in data centers increases energy use and operational costs. Therefore, it is necessary to efficiently manage resources for the sustainability of and reduction in the carbon footprint. This research analyzes and optimizes ENEA HPC data centers, particularly the CRESCO6 cluster. The study starts by gathering and cleaning extensive datasets consisting of job schedules, environmental conditions, cooling systems, and sensors. Descriptive statistics accompanied with visualizations provide deep insight into collated data. Inferential statistics are then used to investigate relationships between various operational variables. Finally, machine learning models predict the average hot-aisle temperature based on cooling parameters, which can be used to determine optimal cooling settings. Furthermore, idle periods for computing nodes are analyzed to estimate wasted energy, as well as for evaluating the effect that idle node shutdown will have on the thermal characteristics of the data center under consideration. It closes with a discussion on how statistical and machine learning techniques can improve operations in a data center by focusing on important variables that determine consumption patterns. © 2024 by the authors.",2024,10.3390/electronics13173542,1.0,0.0,0.0,28.0,2.0,chinnici2024Sustainability,journal paper,Electronics (Switzerland),domain specific
14,Eco-efficient resource management in HPC clusters through computer intelligence techniques,"High Performance Computing Clusters (HPCCs) are common platforms for solving both up-to-date challenges and high-dimensional problems faced by IT service providers. Nonetheless, the use of HPCCs carries a substantial and growing economic and environmental impact, owing to the large amount of energy they need to operate. In this paper, a two-stage holistic optimisation mechanism is proposed to manage HPCCs in an eco-efficiently manner. The first stage logically optimises the resources of the HPCC through reactive and proactive strategies, while the second stage optimises hardware allocation by leveraging a genetic fuzzy system tailored to the underlying equipment. The model finds optimal trade-offs among quality of service, direct/indirect operating costs, and environmental impact, through multiobjective evolutionary algorithms meeting the preferences of the administrator. Experimentation was done using both actual workloads from the Scientific Modelling Cluster of the University of Oviedo and synthetically-generated workloads, showing statistical evidence supporting the adoption of the new mechanism. © 2019 by the authors.",2019,10.3390/en12112129,1.0,0.0,0.0,57.0,5.0,cocana-fernandez2019Ecoefficient,journal paper,Energies,sustainability energy
15,Energy-oriented analysis of HPC cluster queues: Emerging metrics for sustainable data center,"This work analyzes a very subtle kind of energy metrics for Data Centers (DCs), namely productivity metrics which affect the global energy efficiency assessment in a DC since they focus on the energy used for processing computing operations. By exploiting the available set of energy consumption data concerning operating systems in ENEA-DC, HPC-Cluster, the authors evaluated the energy consumed by different queues with several running applications. The queues energy waste has been calculated to provide an assessment for the ineffective use of computation-related energy load within the Cluster. This work shows an increment innovation beyond state-of-the-art for productivity metrics and useful work, and it will also help provide an invaluable insight into useful energy use and the use of enhanced sustainability metrics with the goal of driving a more sustainable DC. Additionally, sustainability concept in DC operations is driven by estimation of its indirect carbon emissions, which is shown in this work. © Springer Nature Switzerland AG 2019.",2019,10.1007/978-3-030-21507-1_41,1.0,0.0,0.0,24.0,7.0,grishina2019Energyoriented,conference paper,"3rd International Conference on Applied Physics, System Science and Computers (APSAC 2018)",domain specific
16,High Energy Consumption or Dirty Energy Using? The Driving Factors Behind Carbon Emission in National Supercomputing Centers,"Regarding the impact of digitization on the environment, a definitive consensus remains elusive in the scholarly discourse. This article evaluates the carbon emissions impact of China’s National Supercomputing Centers (NSCs) in terms of computational power, aiming to determine whether NSCs exhibit significant carbon emissions effects and to identify the underlying factors driving them. Theoretically, we integrate both direct and indirect effect into a comprehensive research framework, comprising the dimensions of energy consumption and energy structure. Empirically, the synthetic control method (SCM) is employed, constructing a group of synthetic control cities that closely resemble the NSC cities. The research findings show that NSC cities exhibit statistically significant differences in carbon emissions compared to synthetically non-NSC cities, yet this phenomenon manifests with intercity heterogeneity. Upon scrutinizing the driving factors, it becomes apparent that NSCs primarily elevate urban energy consumption scale through increased industrial electricity usage, thus fostering the escalation of local carbon emissions. Interestingly, in certain cities, despite witnessing a surge in energy consumption scale attributable to NSC, carbon emissions effects were not observed, which could be predominantly ascribed to a higher proportion of clean energy within the energy structure. The above results unveil the existence of NSC carbon emissions effect as well as its driving factors (high energy consumption and dirty energy using), providing policy guidance for public sectors aiming to enhance NSC operational efficiency, optimize energy structure, and broaden the spillover effect. © 2024, HARD Publishing Company. All rights reserved.",2024,10.15244/pjoes/173099,1.0,0.0,0.0,38.0,0.0,haodong2024High,journal paper,Polish Journal of Environmental Studies,sustainability energy
17,Carbon Emission Modeling for High-Performance Computing-Based AI in New Power Systems with Large-Scale Renewable Energy Integration,"Under the global impetus toward carbon peak and carbon neutrality, large-scale renewable energy integration has become a key driver in transforming traditional power grids into new power systems. Meanwhile, the growing adoption of advanced artificial intelligence (AI) approaches, especially large-scale models, heavily relies on high-performance computing (HPC) resources, which pose significant sustainability challenges due to their energy consumption and carbon emissions. This study introduces a newly developed carbon emission model (CEM) that accounts for both embodied and operational emissions in HPC systems. The CEM integrates parameters such as energy intensity coefficients, workload distribution patterns, and renewable deficiency rates, providing a lifecycle perspective of emissions in HPC-based AI applications for power systems. Results reveal that operational emissions dominate, constituting 87% of the total lifecycle footprint. Different regions exhibit varying carbon emissions, and on average, increasing the renewable energy share from 20% to 50% reduces total emissions by 43%, while a full transition to renewable energy achieves a 92% reduction. Circular economy practices, including hardware recycling and sustainable design, are also highlighted to mitigate embodied emissions. This study offers quantitative evidence and actionable insights for power industry stakeholders, enabling the balance between high-performance AI computations and ambitious carbon neutrality goals in renewable-integrated systems. © 2025 by the authors.",2025,10.3390/pr13020595,1.0,1.0,0.0,42.0,12.0,liu2025Carbon,journal paper,Processes,domain specific
18,The ecological impact of high-performance computing in astrophysics,"The importance of computing in astronomy continues to increase, and so is its impact on the environment. When analyzing data or performing simulations, most researchers raise concerns about the time to reach a solution rather than its impact on the environment. A reduced time-to-solution due to faster hardware or optimizations in the software generally also leads to a smaller carbon footprint. This is not the case when the reduced wall-clock time is achieved by overclocking the processor, or when using supercomputers. The increase in the popularity of interpreted scripting languages, and the general availability of high-performance workstations form a considerable threat to the environment. A similar concern can be raised about the trend of running single-core instead of adopting efficient many-core programming paradigms. In astronomy, computing is among the top producers of greenhouse gases, surpassing telescope operations.",2020,10.1038/s41550-020-1208-y,1.0,0.0,1.0,27.0,100.0,portegieszwart2020ecological,journal paper,Nature Astronomy,domain specific
19,"Green and sustainable high-performance computing with smartphone crowd computing: Benefits, enablers, and challenges","The introduction of the Internet of Things (IoT) and Big Data applications have garnered a massive amount of digital data. Processing and analysing these data demand vast computing resources, proportionately. The major downside of producing and using computing resources in such volumes is the deterioration of the Earth's environment. The production process of the electronic devices involves hazardous and toxic substances which not only harm human and other living beings health but also contaminate the water and soil. The production and operations of these computers in largescale also results in massive energy consumption and greenhouse gas generation. Moreover, the low use cycle of these devices produces a huge amount of not-easy-todecompose e-waste. In this outlook, instead of buying new devices, it is advisable to use the existing resources to their fullest, which will minimize the environmental penalties of production and e-waste. This paper advocates for using smartphones and smartphone crowd computing (SCC) to ease off the use of PCs/laptops and centralized high-performance computers (HPCs) such as data centres and supercomputers. The paper aims to establish SCC as the most feasible computing system solution for sustainable computing. Detailed comparisons, in terms of environmental effects (e.g., energy consumption, greenhouse gas generation, etc.), between SCC and supercomputers and other green computing initiatives such as Grid and Cloud Computing, are presented. The key enablers of SCC are identified and discussed. One of them is today's computationally powerful smartphones. A comprehensive statistical survey of the various commercial CPUs, GPUs, SoCs for smartphones is presented confirming the capability of the SCC as an alternative to HPC. The challenges involved in realizing SCC are also considered. One of the major challenges is handling the issue of limited battery in smartphones. The reasons for battery drain are recognized with probable measures. An exhaustive survey is presented on the present and optimistic future of the continuous improvement and research on different aspects of smartphone battery and other alternative power sources which will allow users to use their smartphones for SCC without worrying about the battery running out. © 2019 SCPE.",2019,10.12694/scpe.v20i2.1517,1.0,0.0,0.0,80.0,41.0,pramanik2019Green,journal paper,Scalable Computing,parallel distributed
20,An efficient scheduling of HPC applications on geographically distributed cloud data centers,"Cloud computing provides a flexible infrastructure for IT industries to run their High Performance Computing (HPC) applications. Cloud providers deliver such computing infrastructures through a set of data centers called a cloud federation. The data centers of a cloud federation are usually distributed over the world. The profit of cloud providers strongly depends on the cost of energy consumption. As the data centers are located in various corners of the world, the cost of energy consumption and the amount of CO2 emission in different data centers varies significantly. Therefore, a proper allocation of HPC applications in such systems can result in a decrease of CO2 emission and a substantial increase of the providers’ profit. Reduction of CO2 emission also mitigates the destructive environmental impacts. In this paper, the problem of scheduling HPC applications on a geographically distributed cloud federation is scrutinized. To address the problem, we propose a two-level scheduler which is able to reach a good compromise between CO2 emission and the profit of cloud provider. The scheduler should also satisfy all HPC applications’ deadline and memory constraints. Simulation results based on a real intensive workload indicate that the proposed scheduler reduces the CO2 emission by 17 % while at the same time it improves the provider’s profit by 9 % on average. © Springer International Publishing Switzerland 2014.",2014,10.1007/978-3-319-10903-9_13,1.0,0.0,0.0,17.0,7.0,rajabi2014efficient,conference paper,International Symposium on Computer Networks and Distributed Systems (CNDS 2013),parallel distributed
21,Supercomputers keeping people warm in the winter,"We present the design and evaluation of the heat recovery system for KTH's Lindgren, Stockholm's fastest supercomputer, a Cray XE6. Lindgren came into service in 2010 and has since been primarily used for complex numeric simulations of fluid mechanics and computational chemistry and biology. The heat exchange system collects the wasted heat from Lindgren's 36,384 CPU cores and transfers it via the standard district heating and cooling system to a neighboring building which houses the Chemistry laboratories. We analyze the impact of Lindgren's heat recycle system as a function of outside temperature and we estimate the system's carbon emission savings. Since the original installation of Lindgren in 2010, it has become common practice to use water cooling systems for supercomputers, as water is a better heat transfer medium than air. We discuss the relevant design lessons from Lindgren as they relate to practical and sustainable waste heat recovery designs for today's platforms. Finally, we estimate that the recovered heat from Lindgren reduced the carbon emissions by nearly 50 tons over the 2012-13 winter, the sample period of our analysis. © 2014. The authors.",2014,10.2991/ict4s-14.2014.40,1.0,0.0,0.0,23.0,23.0,romero2014Supercomputers,conference paper,"ICT for Sustainability 2014, ICT4S 2014",sustainability energy
22,A review on the decarbonization of high-performance computing centers,"High-performance computing relies on performance-oriented infrastructures with access to powerful computing resources to complete tasks that contribute to solve complex problems in society. The intensive use of resources and the increase in service demand due to emerging fields of science, combined with the exascale paradigm, climate change concerns, and rising energy costs, ultimately means that the decarbonization of these centers is key to improve their environmental and financial performance. Therefore, a review on the main opportunities and challenges for the decarbonization of high-performance computing centers is essential to help decision-makers, operators and users contribute to a more sustainable computing ecosystem. It was found that state-of-the-art supercomputers are growing in computing power, but are combining different measures to meet sustainability concerns, namely going beyond energy efficiency measures and evolving simultaneously in terms of energy and information technology infrastructure. It was also shown that policy and multiple entities are now targeting specifically HPC, and that identifying synergies with the energy sector can reveal new revenue streams, but also enable a smoother integration of these centers in energy systems. Overall, many opportunities, but also challenges, were identified to decrease carbon emissions in a sector mostly concerned with improving hardware performance.",2024,10.1016/j.rser.2023.114019,1.0,0.0,0.0,173.0,52.0,silva2024review,journal paper,Renewable and Sustainable Energy Reviews,sustainability energy
23,Energy dataset of Frontier supercomputer for waste heat recovery,"The Hewlett Packard Enterprise–Cray EX Frontier is the world’s first and fastest exascale supercomputer, hosted at the Oak Ridge Leadership Computing Facility in Tennessee, United States. Frontier is a significant electricity consumer, drawing 8–30 MW; this massive energy demand produces significant waste heat, requiring extensive cooling measures. Although harnessing this waste heat for campus heating is a sustainability goal at Oak Ridge National Laboratory (ORNL), the 30 °C–38 °C waste heat temperature poses compatibility issues with standard HVAC systems. Heat pump systems, prevalent in residential settings and some industries, can efficiently upgrade low-quality heat to usable energy for buildings. Thus, heat pump technology powered by renewable electricity offers an efficient, cost-effective solution for substantial waste heat recovery. However, a major challenge is the absence of benchmark data on high-performance computing (HPC) heat generation and waste heat profiles. This paper reports power demand and waste heat measurements from an ORNL HPC data centre, aiming to guide future research on optimizing waste heat recovery in large-scale data centres, especially those of HPC calibre. © This is a U.S. Government work and not under copyright protection in the US; foreign copyright protection may apply 2024.",2024,10.1038/s41597-024-03913-w,1.0,0.0,0.0,13.0,9.0,sun2024Energy,journal paper,Scientific Data,domain specific
24,The impact of computing infrastructure on carbon emissions: an empirical study based on china national supercomputing center,"Digitalization is viewed as a potential solution to environmental sustainability issues. However, existing researches suggest that the environmental impact of digital technology is uncertain. This study focuses on the National Supercomputing Center (NSC) in China, a large-scale computing infrastructure, and expands the correlation between digital infrastructure and green development from a computing perspective. Based on the synthetic control method, we select non-supercomputing cities as the control group and assign appropriate weighting. Through the fitting of a synthetic control group (refer to as the synthetic city) with similar characteristics, the analysis is conducted to compare carbon emissions (CO2 emission) between NSC city and the synthetic city. The empirical results show that the NSC may worsen regional CO2 emissions, and this result still holds true after a series of robustness tests. Mechanism examinations show that the NSC does not exhibit significant composition effect (energy structure improvement) and technology effect (green technology innovation), while scale effect (increase in energy demand and consumption) dominate the NSC’s carbon emissions. Based on these findings, we consider that in addition to improving the energy efficiency of supercomputing centers, the adoption of cleaner renewable energy and the promotion of knowledge spillovers are crucial for achieving a green transformation for computing infrastructure. © 2023 The Author(s). Published by IOP Publishing Ltd.",2023,10.1088/2515-7620/acfa65,1.0,0.0,0.0,54.0,10.0,yang2023impact,journal paper,Environmental Research Communications,sustainability energy
25,"Groundwater cooling of a supercomputer in Perth, Western Australia: hydrogeological simulations and thermal sustainability","Groundwater cooling (GWC) is a sustainable alternative to conventional cooling technologies for supercomputers. A GWC system has been implemented for the Pawsey Supercomputing Centre in Perth, Western Australia. Groundwater is extracted from the Mullaloo Aquifer at 20.8 °C and passes through a heat exchanger before returning to the same aquifer. Hydrogeological simulations of the GWC system were used to assess its performance and sustainability. Simulations were run with cooling capacities of 0.5 or 2.5 Mega Watts thermal (MWth), with scenarios representing various combinations of pumping rate, injection temperature and hydrogeological parameter values. The simulated system generates a thermal plume in the Mullaloo Aquifer and overlying Superficial Aquifer. Thermal breakthrough (transfer of heat from injection to production wells) occurred in 2.7–4.3 years for a 2.5 MWth system. Shielding (reinjection of cool groundwater between the injection and production wells) resulted in earlier thermal breakthrough but reduced the rate of temperature increase after breakthrough, such that shielding was beneficial after approximately 5 years pumping. Increasing injection temperature was preferable to increasing flow rate for maintaining cooling capacity after thermal breakthrough. Thermal impacts on existing wells were small, with up to 10 wells experiencing a temperature increase ≥ 0.1 °C (largest increase 6 °C). © 2015, Springer-Verlag Berlin Heidelberg.",2015,10.1007/s10040-015-1280-z,1.0,0.0,0.0,48.0,17.0,sheldon2015Groundwater,journal paper,Hydrogeology Journal,domain specific
26,High-Powered Computing: Energy Consumption and Its Environmental Impact,"The rapid development of High-Performance Computing (HPC) has driven technological advancements but also brought environmental challenges such as high energy consumption, carbon emissions, and electronic waste. This paper develops three core models to systematically analyze these issues and proposes sustainable solutions. Firstly, the paper analyzes the total energy consumption of global HPC centers, dividing it into computing-related energy and non-computing energy (e.g., cooling systems). In 2024, the estimated total energy consumption of the HPC industry was 205 terawatt-hours, which could reach 287 to 328 terawatt-hours under full load conditions. Secondly, by calculating the carbon emissions per kilowatt-hour of electricity, the paper estimates the global carbon emissions of the HPC industry in 2024 to be 7.24 million tons. The third model assesses the environmental impact of electronic waste generated by HPC systems, projecting that by 2030, HPC-related electronic waste will produce 112.8 million tons of carbon emissions, with disposal costs reaching 715 million USD and landfill costs of 6 million USD. Additionally, the study predicts the trends of energy consumption, carbon emissions, and electronic waste in the HPC industry by 2030. The research indicates that by adopting energy-saving technologies, accelerating the transition to renewable energy, and optimizing electronic waste management, the HPC industry can mitigate environmental hazards while leveraging its innovative potential and, based on this, proposes technical design recommendations such as energy-efficient hardware and software, reducing electronic waste, adopting cloud storage, and considering environmental impacts in technical design.",2025,10.56028/aetr.13.1.1337.2025,1.0,1.0,1.0,7.0,0.0,zhao2025HighPowered,journal paper,Advances in Engineering Technology Research,domain specific
27,"Supercomputer design: An initial effort to capture the environmental, economic, and societal impacts","Currently, the Green500 is possibly the largest effort to direct the evolution of supercomputing towards sustainable design but does not address life-cycle impacts of a supercomputer. Supercomputer assessment with economical, environmental, and societal impacts considered would provide an optimal future supercomputer design that is sustainable. By combining process-LCA and EIO-LCA methods, an initial model for in-depth sustainability analysis of supercomputer design has been developed. The model provides comparison of economic, environmental, and societal impacts for manufacturing and operation of not only a single supercomputer but a range of designs. The ultimate goal of this model is to assist government, academia, and industry in supercomputer development for existing and future supercomputers.",2013,,0.0,1.0,1.0,31.0,4.0,mcdonnell2013Supercomputer,gray literature,Faculty Publications and Other Works - Chemical and Biomolecular Engineering Publications,other
28,The huge carbon footprint of large-scale computing,"Researchers have been able to cut their carbon footprint by jetting off to fewer international conferences, but physicists working on large-scale experiments may also have to consider the significant environmental impact of the computer power they require. Michael Allen investigates.",2022,10.1088/2058-7058/35/03/32,1.0,0.0,1.0,0.0,11.0,allen2022huge,journal paper,Physics World,domain specific
29,Thermosyphon Cooler Hybrid System for Water Savings in an Energy-Efficient HPC Data Center: Results from 24 Months and the Impact on Water Usage Effectiveness,"In August 2016, the National Renewable Energy Laboratory (NREL) installed a thermosyphon hybrid cooling system to reduce water usage in its already extremely energy-efficient High-Performance Computing (HPC) Data Center. In its first year of use, the system saved 4,400 m³ (1.16 million gal) of water, and 7,950 m³ (2.10 million gal) during a 2-year period, cutting the use of water in the data center by about one-half.\nNREL’s 930-m² (10,000-ft²) HPC Data Center is often called the most energy-efficient data center in the world: it has achieved a trailing 12-month average power usage effectiveness of 1.034, and it features a chiller-less design, component-level warm-water liquid cooling, and waste heat capture and reuse.\nNREL considered the amount of water used by the cooling towers to be counter to the laboratory’s sustainability mission, so a team of researchers from NREL, Sandia National Laboratories (Sandia), and Johnson Controls integrated the BlueStream thermosyphon cooler (TSC)—an advanced dry cooler that uses refrigerant in a passive cycle to dissipate heat—on the roof of NREL’s Energy Systems Integration Facility, the building that houses the HPC Data Center. In combination with the existing cooling towers, the TSC forms an extremely water- and cost-efficient cooling system. In its first year of operation, on-site water usage effectiveness (WUE) was 0.70 L/kWh. In comparison, the WUE would be 1.27 L/kWh if NREL had continued using only heat-recovery and cooling towers. This on-site water savings was accomplished without negatively impacting the energy-efficient operation of the HPC Data Center.\nThe TSC system technology has the potential for application in data centers around the world, and it is currently being implemented by Sandia.",2018,10.2172/1471661,1.0,0.0,1.0,6.0,12.0,sickinger2018Thermosyphon,gray literature,NREL technical report,other
30,A Pareto-based metaheuristic for scheduling HPC applications on a geographically distributed cloud federation,"Reducing energy consumption is an increasingly important issue in cloud computing, more specifically when dealing with High Performance Computing (HPC). Minimizing energy consumption can significantly reduce the amount of energy bills and then increase the provider's profit. In addition, the reduction of energy decreases greenhouse gas emissions. Therefore, many researches are carried out to develop new methods in order to make HPC applications consuming less energy. In this paper, we present a multi-objective genetic algorithm (MO-GA) that optimizes the energy consumption, CO2 emissions and the generated profit of a geographically distributed cloud computing infrastructure. We also propose a greedy heuristic that aims to maximize the number of scheduled applications in order to compare it with the MO-GA. The two approaches have been experimented using realistic workload traces from Feitelson's PWA Parallel Workload Archive. The results show that MO-GA outperforms the greedy heuristic by a significant margin in terms of energy consumption and CO2 emissions. In addition, MO-GA is also proved to be slightly better in terms of profit while scheduling more applications. © 2012 Springer Science+Business Media, LLC.",2013,10.1007/s10586-012-0210-2,1.0,0.0,0.0,30.0,88.0,kessaci2013Paretobased,journal paper,Cluster Computing,parallel distributed
60,The energy efficiency research of code for numerical simulation of plasma physics problems,"Last ten years the top performance of the fastest high-performance systems in the world increased more than thirty times. The energy efficiency of high-performance calculations became the most important because of the growth of carbon footprint from supercomputers. In this work, we will show the energy efficiency research of our plasma physics code. We propose the supercomputer's carbon footprint value for typical plasma physics problem calculations as well as the method for evaluation of the power rate of the HPC code. We also provide information about the difference in energy efficiency between the AVX2 and AVX512 autovectorized programs.",2024,10.1007/978-3-031-78459-0_32,,,,,,chernykh2024energy,conference paper,"Supercomputing: 10th russian supercomputing days, RuSCDays 2024, moscow, russia, september 23–24, 2024, revised selected papers, part I",hpc systems
71,What a waste,"The immense demand for high performance computational resources has led to large increases in the energy consumption of data centers. Higher energy use tends to correlate with more waste heat being produced. This waste heat is often discarded, but it is a valuable resource that many data centers are starting to reuse for many different applications. In this paper we propose the Heat Reuse Factor (HRF) metric to quantify a data center's heat reuse approach. We then propose and define the Green Supercomputing Ratio (GSR) metric to determine the efficiency of a facility based on the HRF value and the amount of CO2 emissions that are offset in accordance with green energy practices. Several examples of how to use the proposed metrics for varying heat reuse opportunities are covered using values for a Theoretical and a Practical data center. The resulting HRF and GSR values are provided to illustrate how HRF and GSR can be used to design more efficient data centers in the future.",2025,10.1007/978-3-032-07612-0_15,,,,,,smith2025What,conference paper,"High performance computing: ISC high performance 2025 international workshops, hamburg, germany, june 10–13, 2025, revised selected papers",hpc systems
77,Adaptive carbon-aware scheduling policies for HPC systems,"In response to growing energy costs and carbon emissions, High Performance Computing (HPC) operators are looking for new strategies to reduce their footprint while maintaining operational efficiency. A direction is to optimize job scheduling in terms of energy and resource usage through the integration of new techniques such as speed scaling or power capping. However, the carbon footprint of an HPC platform can highly vary depending on when the jobs are executed because of the fluctuations of CO2 rates, which depends on the available energy resources and current demands. In this work, we explore the potential impact of incorporating CO2 rates in scheduling decisions. We introduce several policies that adjust dynamically in response to CO2 rate variations and expected job energy requirements. We propose two prediction models to help anticipate future CO2 rates evolution and potential energy consumption of submitted jobs. We evaluate these policies within a simulated HPC environment with real life job traces. Then, we compare them to the mostly used baseline scheduling policy First Come First Served (FCFS) with backfilling. We also compare them to other efficient policies in the literature. The resulting outcomes indicate that the proposed carbon aware scheduling techniques can achieve measurable reductions in carbon emissions (up to 15%) without compromising the workload throughput or resources usage. Furthermore, their transparency and simplicity makes them easy to implement in any HPC system with a high chance of acceptance by the users.",2025,10.1007/978-3-032-10507-3_4,,,,,,benhari2025Adaptive,conference paper,"Job scheduling strategies for parallel processing: 28th international workshop, JSSPP 2025, milan, italy, june 3–4, 2025, revised selected papers",parallel distributed
188,Enabling distributed generation powered sustainable high-performance data center,"The necessity for capping carbon emission has significantly restricted the potential of modern data centers. For this matter, both industry and academia are proactively seeking opportunities on cross-layer power management schemes that could open a door for sustainable high-performance computing platform. In this paper we investigate an emerging trend in the IT industry: using promising onsite distributed generation (DG) techniques to provide premium clean energy to the computing load. We develop data center power demand shaping (PDS), a novel technique that allows data centers to utilize onsite green energy efficiently. In contrast to prior design, PDS takes advantage of a so-far unexplored power supply feature, i.e., the load following capabilities of DG systems to avoid the high performance penalty issue incurred during supply tracking. In addition, PDS features two adaptive power management schemes: DGR Boost and UPS Boost. These two workload-aware optimization methods leverage mature computer tuning knobs to achieve attractive data center performance improvement. Using real-world data center traces and industry data of distributed generation systems, we show that our technique can come within 1.2% performance of an ideal oracle, which is roughly a 37% improvement over existing supply tracking based design. Our design could save over 100 metric tons of carbon emissions annually for a 10MW data center.",2013,10.1109/hpca.2013.6522305,,,,,,li2013Enabling,conference paper,Proceedings of the 2013 IEEE 19th international symposium on high performance computer architecture (HPCA),hpc systems
223,Data Center Operators Face Energy Irony,"High-performance computational technology is envisioned as a great resource for reducing energy consumption. However, the renewable energy infrastructure that will let these data centers operate without adding to greenhouse gas emission levels is still in its infancy.",2010,10.1109/MIC.2010.34,,,,,,goth2010Data,journal paper,IEEE Internet Computing,general cs
239,CEEMS: a resource manager agnostic energy and emissions monitoring stack,"With the rapid acceleration of ML/AI research in the last couple of years, the energy consumption of the Information and Communication Technology (ICT) domain has rapidly increased. As a major part of this energy consumption is due to users' workloads, it is evident that users need to be aware of the energy footprint of their applications. Compute Energy & Emissions Monitoring Stack (CEEMS) has been designed to address this issue. CEEMS can report energy consumption and equivalent emissions of user workloads in real time for HPC and cloud platforms alike. Besides CPU energy usage, it supports reporting energy usage of workloads on NVIDIA and AMD GPU accelerators. CEEMS has been built around the prominent open-source tools in the observability eco-system like Prometheus and Grafana. CEEMS has been designed to be extensible and it allows the Data Center (DC) operators to easily define the energy estimation rules of user workloads based on the underlying hardware. This paper explains the architectural overview of CEEMS, data sources that are used to measure energy usage and estimate equivalent emissions and potential use cases of CEEMS from operator and user perspectives. Finally, the paper will conclude by describing how CEEMS deployment on the Jean-Zay supercomputing platform is capable of monitoring more than 1400 nodes that have a daily job churn rate of around 20k jobs.",2025,10.1109/scw63240.2024.00233,,,,,,paipuri2025CEEMS,conference paper,"Proceedings of the SC '24 workshops of the international conference on high performance computing, network, storage, and analysis",hpc systems
404,ThirstyFLOPS: Water footprint modeling and analysis toward sustainable HPC systems,"High-performance computing (HPC) systems are becoming increasingly water-intensive due to their reliance on water-based cooling and the energy used in power generation. However, the water footprint of HPC remains relatively underexplored–especially in contrast to the growing focus on carbon emissions. In this paper, we present ThirstyFLOPS - a comprehensive water footprint analysis framework for HPC systems. Our approach incorporates region-specific metrics, including Water Usage Effectiveness, Power Usage Effectiveness, and Energy Water Factor, to quantify water consumption using real-world data. Using four representative HPC systems – Marconi, Fugaku, Polaris, and Frontier – as examples, we provide implications for HPC system planning and management. We explore the impact of regional water scarcity and nuclear-based energy strategies on HPC sustainability. Our findings aim to advance the development of water-aware, environmentally responsible computing infrastructures.",2025,10.1145/3712285.3759804,,,,,,jiang2025ThirstyFLOPSa,conference paper,"Proceedings of the international conference for high performance computing, networking, storage and analysis",hpc systems
406,Core hours and carbon credits: Incentivizing sustainability in HPC,"Efforts to reduce the environmental impact of HPC often focus on resource providers, but choices made by users, e.g., concerning where to run, can be equally consequential. Here we present evidence that new accounting methods that charge users for energy used can incentivize significantly more efficient behavior. We first survey 300 HPC users and find that fewer than 30% are aware of their energy consumption, and that energy efficiency is a low priority concern. We then propose two new multi-resource accounting methods that charge for computations based on their energy consumption or carbon footprint, respectively. Finally, we conduct both simulation studies and a user study to evaluate the impact of these two methods on user behavior. We find that while only providing users feedback on their energy use had no impact on their behavior, associating energy with cost incentivized users to select more efficient resources, and use 40% less energy.",2025,10.1145/3712285.3759858,,,,,,kamatar2025Core,conference paper,"Proceedings of the international conference for high performance computing, networking, storage and analysis",hpc systems
419,Improving supercomputer usage with aging awareness,"Lifetime of electronic devices has a critical impact on their environmental footprint. In addition, the high-demand by AI companies of GPU has reduced tremendously their availability for supercomputing centers. Consequently, improving the duration of CPUs and GPUs is becoming a major issue in High Performance Computing (HPC) domain. This paper investigates the optimization of a machine usage before a fatal failure and the trade-offs with performance. The lifetime of computing devices is strongly connected with the temperature and thus with the running frequency. We investigate the node frequency reconfiguration to optimize HPC usage. We estimate the benefit of a dedicated scheduling algorithm compared with a constant frequency. We show that a correct decision can increase considerably the number of FLOP of a machine with a trade-off in terms of performance. Because aging models are currently inaccurate, we consider different models and discuss the robustness of our algorithms to inaccuracy.",2025,10.1145/3731599.3767561,,,,,,boezennec2025Improving,conference paper,"Proceedings of the SC '25 workshops of the international conference for high performance computing, networking, storage and analysis",hpc systems
421,Modeling the carbon footprint of HPC: The top 500 and EasyC,"Climate change is a critical concern for HPC systems, but GHG protocol carbon-emission accounting methodologies are difficult for a single system, and effectively infeasible for a collection of systems. As a result, there is no HPC-wide carbon reporting, and even the largest HPC sites do not do GHG protocol reporting. We assess the carbon footprint of HPC, focusing on the Top 500 systems. The key challenge lies in modeling the carbon footprint with limited data availability. With the disclosed Top500.org data, and using a new tool, EasyC, we were able to model the operational carbon of 391 HPC systems and the embodied carbon of 283 HPC systems. We further show how this coverage can be enhanced by exploiting additional public information. With improved coverage, then interpolation is used to produce the first carbon footprint estimates of the Top 500 HPC systems. They are 1.4 million MT CO2e operational carbon (1 Year) and 1.9 million MT CO2e embodied carbon. We also project how the Top 500's carbon footprint will increase through 2030. A key enabler is the EasyC tool which models carbon footprint with only a few data metrics. We explore availability of data and enhancement, showing that coverage can be increased to 98% of Top 500 systems for operational and 80.8% of the systems for embodied emissions.",2025,10.1145/3731599.3767567,,,,,,rao2025Modelinga,conference paper,"Proceedings of the SC '25 workshops of the international conference for high performance computing, networking, storage and analysis",hpc systems
432,When servers meet species: a fab-to-grave lens on computing's biodiversity impact,"Biodiversity loss is a critical planetary boundary, yet its connection to computing remains largely unexamined. Prior sustainability efforts in computing have focused on carbon and water, overlooking biodiversity due to the lack of appropriate metrics and modeling frameworks. This paper presents the first end-to-end analysis of biodiversity impact from computing systems. We introduce two new metrics–Embodied Biodiversity Index (EBI) and Operational Biodiversity Index (OBI)–to quantify biodiversity impact across the lifecycle, and present FABRIC, a modeling framework that links computing workloads to biodiversity impacts. Our evaluation highlights the need to consider biodiversity alongside carbon and water in sustainable computing design and optimization. The code is available at https://github.com/TianyaoShi/FABRIC.",2025,10.1145/3757892.3757897,,,,,,shi2025When,journal paper,SIGENERGY Energy Inform. Rev.,sustainability energy
435,GridGreen: Integrating serverless computing in HPC systems for performance and sustainability,"We present GridGreen, a scheduling framework that improves the sustainability and performance of scientific workflow execution by integrating serverless computing with traditional on-premise high performance computing (HPC) clusters. GridGreen allocates workflow components across HPC and serverless environments leveraging spatio-temporal variation of carbon intensity and component execution characteristics. It incorporates component-level optimization, speculative pre-warming, I/O-aware data management, and fallback adaptation to jointly minimize carbon footprint and service time under user-defined cost constraints. Our evaluations on large-scale bioinformatics workflows across leadership-class HPC facilities and cloud-based serverless regions demonstrate that GridGreen achieves robust, cost-effective execution while improving carbon efficiency.",2026,10.1145/3772052.3772241,,,,,,samanta2026GridGreen,conference paper,Proceedings of the 2025 ACM symposium on cloud computing,parallel distributed
477,Clustering obsolete computers to reduce e-waste,"Personal computers contribute significantly to the growing problem of electronic waste. Every computer, when finished with, must be stored, dumped, recycled, or somehow re-used. Most are dumped, at a huge cost to health and the environment, as their owners succumb to the desire to keep up with the ever-increasing power of new computers. Supercomputers and computer clusters provide more power than ordinary desktop and laptop computers, but they too are subject to rapid obsolescence. The authors have built a cluster of obsolete computers and have found that it easily outperforms a fairly standard new desktop computer. They explore how this approach can help to mitigate e-waste, and discuss the advantages and limitations of using such a system.",2010,10.4018/jissc.2010092901,,,,,,lynar2010Clustering,journal paper,International Journal of Information Systems and Social Change (IJISSC),general cs
688,"EcoFreq: Compute with cheaper, cleaner energy via carbon-aware power scaling","High-performance computing (HPC) constitutes an energy-hungry endeavor, and any efficiency gains via hardware and software advances are quickly (over-)compensated by increased consumption (rebound effect). A large proportion of electricity is still generated by burning fossil fuels (mostly coal and gas), which is the cause of climate change, and has other potentially dangerous ecological and political consequences. Moving to a 100% renewable grid requires a plethora of solutions for electricity generation, distribution, storage, and consumption. In particular, dynamic load shifting can better align electricity consumption with the variable availability of solar and wind power. We introduce EcoFreq, a tool for dynamic power scaling on CPUs and GPUs that allows to maximize the usage of renewable, low-carbon energy. We benchmark EcoFreq via 14 HPC workloads using historical electricity market data from Germany, the UK, and the US. We show that carbon-aware power scaling leads to an over-proportional reduction in both, CO2 emissions and energy costs (e.g., 15% to 19% savings with an induced throughput decrease of only 10%). Furthermore, we observe that simple, static power capping at 70% - 80% results in considerably improved energy efficiency and we hence recommended it as default setting. EcoFreq is freely available at: https://github.com/amkozlov/eco-freq.",2024,10.23919/isc.2024.10528928,,,,,,kozlov2024EcoFreq,conference paper,ISC high performance 2024 research paper proceedings (39th international conference),hpc systems
835,"Energy performance, carbon footprint and hardware efficiency of blockchain networks","High Performance Computing (HPC) plays a critical role in supporting the computationally intensive tasks of blockchain technologies, such as consensus algorithms, data processing, and validation. However, the growing adoption of blockchain has raised concerns regarding the substantial energy consumption and carbon footprint associated with HPC systems. This paper investigates the energy efficiency and environmental impact of HPC in blockchain applications, with a focus on hardware and associated hashing algorithms for mining. We analyze power consumption and carbon emissions from computational devices such as Central Processing Units (CPUs), Graphics Processing Units (GPUs), Field-Programmable Gate Arrays (FPGAs), and Application-Specific Integrated Circuits (ASICs), particularly in cryptocurrency mining and decentralized applications. Additionally, we assess the environmental implications of different consensus algorithms, providing a comprehensive understanding of their energy demands and carbon emissions. Our findings offer valuable insights into blockchain sustainability, encouraging the adoption of more energy-efficient and environmentally conscious practices in the industry.",2025,10.1109/csnt64827.2025.10968767,,,,,,ajwalia2025Energy,conference paper,2025 IEEE 14th International Conference on Communication Systems and Network Technologies (CSNT),parallel distributed
838,Sustainable-HPC: toward Digital Twin for active management of self-cooled data centers with Renewable Energy Sources and waste heat recovery,"High-performance computing (HPC) data centers are key for advancing research and industry, but their high energy consumption and environmental impact pose critical sustainability challenges. Few HPC centers currently use renewable energy sources, particularly hydrogen-based storage, or integrate waste heat reuse. Recently, Digital Twins (DTs) are proving crucial for advancing sustainable HPC centers, enabling the integration of advanced monitoring and energy optimization with renewable energy sources. They simulate operations, predict maintenance needs, balance workloads, and support renewable integration for enhanced efficiency. The paper first reviews current practices, focusing on the potential of DTs to improve HPC sustainability by dynamically managing resources and optimizing systems, including cooling, power distribution, and load balancing. Then, it illustrates the University of Turin's Sustainable HPC4AI (S-HPC4AI) project, which aims to develop a low impact HPC center to support Artificial Intelligence (AI) research across diverse scientific fields. The facility will feature renewable energy sources, advanced self-cooling, and waste heat recovery, setting a benchmark for energy-efficient, low-carbon HPC infrastructure. Central to the project is the integration of hydrogen and solar energy, with photovoltaic systems providing clean power and hydrogen fuel cells serving as reliable backup sources, reducing reliance on fossil fuels. Waste heat can be transformed into a productive resource for a local automated phenotyping system, reducing energy consumption and environmental impact on the overall. Furthermore, a DT will be developed, integrating BIM with sensors data about performance, resource usage and operating conditions, enabling real-time monitoring and predictive analytics for managing power, cooling, and energy resources. The potential and challenges of the S-HPC4AI model are discussed, suggesting possible solutions.",2025,10.1109/pdp66500.2025.00073,,,,,,meschini2025SustainableHPC,conference paper,"2025 33rd euromicro international conference on parallel, distributed, and network-based processing (PDP)",parallel distributed
898,Carbon-aware server replacement,"Cloud computing contributes significantly to the global carbon emissions. Server management, including server replacement policies heavily influences the carbon footprint of cloud computing. While periodically replacing servers with newer hardware enhances energy efficiency, in turn reducing the operational carbon emissions from running servers, it also increases the embodied carbon footprint associated with server manufacturing. We propose an analytical model to determine the optimal server replacement frequency to reduce the overall datacenter carbon footprint, encompassing both embodied and operational carbon. Using our model, we perform a case study to analyze the impact prolonged server lifetime has on the net carbon footprint of a high performance computing cluster.",2025,10.1109/ispass64960.2025.00046,,,,,,uwizeyimana2025Carbonaware,conference paper,2025 IEEE international symposium on performance analysis of systems and software (ISPASS),hpc systems
928,Toward a metal usage effectiveness metric in data centers: a study,"Through a detailed breakdown of the metals required to manufacture and interconnect IT components in a High-Performance Computing (HPC) supercomputer, we introduce a novel metric for evaluating its environmental impact: the Metal Usage Effectiveness (MUE). This metric is based on the abiotic depletion potential (ADP), an indicator of the non-renewable material consumption relative to remaining resources. We define this metric as the ADP (expressed in kg antimony equivalents) caused by the extraction of metals required to manufacture and interconnect IT components, divided by the supercomputer computing power (in FLOPS). The MUE, insightful on the supercomputer manufacturing cost relatively to its computing power, complements existing metrics mainly focused on the use phase cost, such as the Power Usage Effectiveness (PUE) or the Water Usage Effectiveness (WUE). It could be a first step toward a more complete Life Cycle Inventory (LCI) of supercomputers and, by extension, data centers. We provide models for estimating copper and gold content in compute hardware components and interconnects of an HPC supercomputer, and apply them to Frontier, the world's first exascale supercomputer.",2025,10.1109/ict4s68164.2025.00024,,,,,,reinbigler2025metal,conference paper,2025 11th international conference on ICT for sustainability (ICT4S),sustainability energy
962,Liquid cooling optimization for data centers with reinforcement learning,"The growing energy demands of machine learning workloads require more sustainable data centers with reduced energy consumption and lower carbon footprints. Highperformance computing (HPC) and supercomputing data centers, which utilize liquid cooling for improved efficiency over traditional air cooling, stand to benefit significantly from advanced optimization strategies. In this study, we propose a novel Reinforcement Learning (RL) based approach to optimize liquid cooling systems (RL-LC). By applying RL at varying levels of granularity in cooling control, our method achieves over 20% energy savings, delivering a more efficient and sustainable solution for data center management. Additionally, we introduce a flexible analytical model that supports simulations and digital twin applications, focusing on reducing energy consumption and carbon emissions. This work provides key advancements in liquid cooling technology, offering practical insights to mitigate the environmental impact of HPC operations.",2025,10.1109/ITherm55376.2025.11235634,,,,,,naug2025Liquid,conference paper,2025 24th IEEE Intersociety Conference on Thermal and Thermomechanical Phenomena in Electronic Systems (ITherm),domain specific
979,Evaluating code portability for carbon-efficient RTM computing,"As GPU architectures continue to diversify across high-performance computing (HPC) systems, ensuring code portability and minimizing environmental impact have become critical challenges. This paper investigates how different programming models affect the carbon-performance efficiency of a Reverse Time Migration (RTM) application, a key workload in geophysics. We provide twelve implementations of the RTM code using CUDA, HIP, Kokkos, RAJA, and OpenMP Target, and evaluate their behavior on eleven GPUs from NVIDIA and AMD. Our analysis covers execution time, energy consumption, and carbon footprint. Results show that HIP, when tuned per architectures and RAJA, achieve the highest code portability in terms of carbon-efficiency, reaching up to 93.7% and 93.4% efficiency across all platforms, respectively. Overall, while HIP and CUDA deliver peak performance and the lowest emissions when properly optimized, the gap between these native models and high-level abstractions such as RAJA and Kokkos is steadily narrowing, indicating growing potential for portable and sustainable HPC development.",2025,10.1109/sbac-pad66369.2025.00018,,,,,,lorenzon2025Evaluating,conference paper,2025 IEEE/SBC 37th international symposium on computer architecture and high performance computing (SBAC-PAD),hpc systems
1060,Optimal energy planning for high-powered computing based on grey wolf model,"With the increasing demand of artificial intelligence (AI), data science and cryptocurrency mining in recent years, the application of High-Powered Computing (HPC) is increasing. The paper estimates the global power consumption and resulting Greenhouse Gas (GHG) emissions of HPC considering the current energy mix and energy utilization, and subsequently analyzes the wider impact of HPC on the global environment and explores the potential role of renewable energy in mitigating these impacts. We analyze the potential benefits of hybrid energy from various aspects such as carbon emissions, costs and environmental pollution. Considering the future development needs, we use ARIMA prediction model to predict the future development trend of HPC, and use Grey Wolf optimization algorithm to explore the best mixing ratio of hybrid energy with the change of HPC energy consumption. This paper also analyzes the change of the environmental impact of HPC energy consumption as the proportion of clean energy increases. The results show that HPC energy consumption has a significant impact on the environment. However, if clean energy technologies are vigorously developed, increasing the proportion of clean energy can significantly reduce the emissions of greenhouse gases and harmful gases.",2025,10.1109/iicspi66775.2025.11437713,,,,,,wang2025Optimal,conference paper,2025 IEEE 4th International Conference on Safe Production and Informatization (IICSPI),domain specific
2202,"Navigating dennard, carbon and moore: Scenarios for the future of NSF advanced computational infrastructure","After a long period of steady improvement, scientific computing equipment (SCE, or HPC) is being disrupted by the end of Dennard scaling, the slowing of Moore's Law, and new challenges to reduce carbon, to fight climate change. What does this mean for the future? We develop a system and portfolio model based on historical NSF XSEDE site systems and apply it to examine potential technology scenarios and what they mean for future compute capacity, power consumption, carbon emissions, datacenter siting, and more. © 2022 ACM.",2022,10.1145/3491418.3535156,,,,,,chien2022Navigating,conference paper,PEARC '22: Practice and Experience in Advanced Research Computing,hpc systems
2503,Toward sustainable and cost-efficient HPC systems: a deep reinforcement learning job scheduling approach,"Hybrid-powered High Performance Computing (HPC) centers can reduce both operational costs and carbon footprints by aligning job execution with renewable supply and time-varying electricity prices. However, existing Deep Reinforcement Learning (DRL) schedulers often neglect price signals, rely on synthetic energy traces, or conflate job selection and delay, limiting their real-world applicability. This work introduces a cost-aware, multi-action DRL framework that embeds a hybrid energy cost model into an HPC scheduling environment, enabling agents to incorporate dynamic price signals and renewable forecasts while decoupling job selection from execution delay. Evaluated on production-scale workload traces and measured renewable profiles, the proposed scheduler consistently reduces energy costs, improves renewable utilization, and maintains competitive job responsiveness compared with heuristic and learning-based baselines. These results demonstrate a practical path toward economically and environmentally sustainable HPC operations. © The Author(s), under exclusive license to Springer Nature Singapore Pte Ltd. 2026.",2026,10.1007/978-981-95-4960-3_33,,,,,,hai2026sustainable,conference paper,18th International Conference on Multi-disciplinary Trends in Artificial Intelligence (MIWAI 2025),general cs
2520,Fast could be green? The carbon emission effect of large computing clusters in China,"Given the growing demand for computational power, fostering the transition to green digital infrastructure becomes particularly paramount. This study focuses on the National Supercomputing Center (NSC) in China, using inter-city data and employing the spatial difference-in-differences (SDID), synthetic control methods (SCM), as well as the synthetic DID, to examine the impact of NSC on carbon emissions. Results show that the NSC significantly contributes to increased carbon emissions, primarily due to heightened regional electricity consumption and energy use (scale effect). Although NSC can mitigate these adverse effects by promoting green innovations, enhancing digitization (technology effect), and improving energy structure (composition effect), the impacts remain relatively limited. Heterogeneity tests reveal inter-city differences in NSC's carbon emission effects and its positive role in reducing other pollutants, with urban digitization shown to help mitigate these emissions. The findings underscore the need for policies that optimize NSC energy structure, support green innovation, and promote industrial upgrades. Future efforts should also focus on elevating the level of digitization to surmount the potential turning point of the Kuznets curve. © The Author(s), under exclusive licence to Springer Nature B.V. 2025.",2025,10.1007/s10668-025-06960-4,,,,,,haodong2025Fast,journal paper,"Environment, Development and Sustainability",sustainability energy
2521,The impact of computational power on environmental sustainability – a comparative study involving two categories of national-level computing infrastructure,"Given the pivotal role of data and computational prowess in driving innovative competitiveness during the digital epoch, this study expands the scrutiny of environmental impacts stemming from digital technology. It investigates two distinct strata of national-level computing infrastructure (CI)– namely, the National Supercomputing Centers (NSCs) and the National Big Data Centers (NBDCs)– focusing on their influence on urban carbon emissions. Employing the synthetic control method, the research unveils that despite the heightened energy consumption at both the NSCs and the NBDCs (scale effect), these computational infrastructures exhibit disparate effects on urban carbon emissions. This incongruity is principally explicated as follows: the establishment of NSCs amplifies regional carbon emissions, while the carbon augmentation effects of the NBDCs are negligible. Furthermore, through examinations of technological effects and compositional effects, it is ascertained that the CI has not significantly improved the structure of local economic sectors, and its triggering effect on green innovation is only evident in NSCs. These discerning findings elucidate that high energy consumption is a major driver of carbon-intensive outcomes in supercomputing and data centers. Nonetheless, it is imperative to underscore that under favorable conditions, computing infrastructure still possesses the potential to significantly alleviate the adverse environmental “side effects”. © 2025, HARD Publishing Company. All rights reserved.",2025,10.15244/pjoes/190019,,,,,,haodong2025impact,journal paper,Polish Journal of Environmental Studies,sustainability energy
2558,Energy use and carbon emissions in high-performance computing: A case study for universities and reduction strategies,"Energy use and greenhouse gas (GHG) emissions from high-performance computing (HPC) and high-volume data storage (HDS) strongly increased over recent years. This contrasts with the need for emission reductions to halt global warming in line with the Paris climate goals, calling for ambitious action also for these energy-intensive services. Here we focus on options for institutional users that aim at professional institutional climate action management, where the quantification of emissions from HPC and HDS as part of emission inventories is still rare. We present methods and results of a case study, drawing from HPC/HDS usage data of a collaborative consortium project of data centers and Universities in Austria, where institution-level quantifications of energy use and related GHG emissions were obtained. We find emissions from HPC use strongly dominating, relative to HDS use, for individual institutions and in total; case-study operational emissions summed to about 300–500 tCO¡sub¿2¡/sub¿eq annually from HPC while HDS emissions were near 3 tCO¡sub¿2¡/sub¿eq; co-estimated embodied emissions sum up to 50 to 100 and 3 to 10 tCO¡sub¿2¡/sub¿eq, respectively. Building on the results, the collaboration of data centers and users enabled to derive also more general climate action options, including provider-user synergies. Provider improvements on energy savings, efficiency, shift to renewable sources and transparency to users on energy sources and consumption can meet with deliberate user choice of genuinely “green” data centers and user skill advances in “green coding”, “smart avoidance” of inefficient computations and considerate HDS management. Our findings underpin that providers and users jointly need to bring energy use and emissions under control to help meet the Paris climate goals. © 2025 The Authors",2025,10.1016/j.cesys.2025.100332,,,,,,Holbling2025,journal paper,Cleaner Environmental Systems,sustainability energy
2866,Single-phase immersion cooling for data centers and HPC: Recent advances and system-level challenges,"Single-phase immersion cooling (SPIC) has emerged as a promising solution to address the escalating thermal demands of data centers and high-performance computing (HPC). This review consolidates recent advances in single-phase immersion cooling system, including discussions on dielectric fluids, cooling architectures, and intelligent control frameworks, with emphasis on experimental validation and system-level deployment. Progress in dielectric fluid is also addressed in details. The common dielectric fluid includes synthetic hydrocarbons and nanofluid-enhanced oils that were examined in association with thermal performance and compatibility with electronic components. At the control frontier, models subject to predictive control, digital twins, and reinforcement learning have enabled real-time optimization, predictive fault detection, and adaptive energy management. In parallel, sustainability metrics such as Carbon Usage Effectiveness (CUE), Water Usage Effectiveness (WUE), Renewable Energy Factor (REF), and Life Cycle Assessment (LCA) extend evaluation beyond traditional power usage effectiveness (PUE), incorporating water footprint, carbon impact, and waste heat recovery. Comparative assessments confirm SPIC's operational stability and scalability, but also highlight persistent challenges in coolant reliability, system retrofitting, and certification standards. By bridging the fluid/thermal science, intelligent control, and sustainability metrics, this review provides a comprehensive framework for advancing SPIC as a cornerstone of sustainable, scalable data center cooling. © 2026 Elsevier Ltd",2026,10.1016/j.rser.2026.116786,,,,,,lua2026Singlephase,journal paper,Renewable and Sustainable Energy Reviews,sustainability energy
2879,A comprehensive quantitative lifecycle cost and environmental impact analysis model for computing infrastructure,"This paper presents a comprehensive quantitative model for quantitative assessment of the lifecycle costs and environmental impacts of computing infrastructure, with a focus on internet data centers (IDCs) and high-performance computing (HPC) facilities. The key innovation lies in the integration of interdisciplinary cost evaluation and carbon emission methods for the establishment of this quantitative model. This framework, which outlines key cost components and carbon emission factors, enables the calculation of total costs, electricity expenses, and greenhouse gas emissions throughout the lifecycle of infrastructure. With IDCs as a case study, the research clarifies the intricate cost structure associated with equipment procurement, energy usage, land acquisition, and operational expenses. This paper provides an in-depth understanding of the cost structure and environmental impact of computing infrastructure in support of sustainable decision-making in its development. • Based on established cost estimation methods, such as Lifecycle Cost Analysis (LCCA) and the Analogous Estimating Method, this study examines costs across construction and operation phases. • The Emission Factor Method is used to quantify environmental impact, emphasizing the significance of regional energy mix and power usage effectiveness (PUE). © 2024 The Author(s)",2024,10.1016/j.mex.2024.103009,,,,,,ma2024comprehensive,journal paper,MethodsX,domain specific
3368,Quantifying job-level carbon efficiency in HPC: an empirical study based on the PM100 dataset,"This study utilizes the PM100 dataset to quantitatively estimate job-level carbon emissions and analyze efficiency across different resource configurations. A multilayer perceptron (MLP) regression model was applied to predict emissions using execution time along with CPU, memory, and node-level power consumption data. To evaluate efficiency, we proposed the Carbon Efficiency Score (CES), which enables the classification of jobs into efficiency tiers. The analysis revealed that long-running jobs with excessive memory usage tend to exhibit low efficiency, whereas jobs with balanced resource configurations demonstrate relatively higher efficiency. CES-based classification further showed a difference of more than 200-fold between the most and least efficient jobs. Overall, this study provides a foundational framework for developing carbon-aware scheduling strategies in HPC environments and offers practical insights for the design of sustainable supercomputing operational policies. © The Author(s) 2025.",2025,10.1186/s42162-025-00586-6,,,,,,shim2025Quantifying,journal paper,Energy Informatics,sustainability energy
3579,Life cycle analysis for emissions of scientific computing centres,"We propose a dedicated model to assist with the life cycle analysis of emissions of scientific computing centres. The model takes into account both the embodied carbon and emissions from use, as well as other factors such as data centre power usage efficiency, data centre expansion, hardware replacement, increase in energy efficiency of next-generation hardware, reduction in carbon intensity of the electricity supply and potential for heat reuse. If differs from existing models in its detailed handling of hardware embodied carbon and time dependency of various factors affecting the emissions. We present a number of scenarios where we apply the model to real-life HPC centres in different countries to illustrate how the trade-offs depend on the various factors and validate our model against the literature. © The Author(s) 2025.",2025,10.1140/epjc/s10052-025-14650-8,,,,,,wadenstein2025Life,journal paper,European Physical Journal C,domain specific
3601,District heating utilizing waste heat of a data center: High-temperature heat pumps☆,"Data centers are energy-intensive facilities with substantial low-grade waste heat. High-temperature heat pumps can be critical in boosting the data center's waste heat for district heating, improving the system-level energy efficiency of data centers, and reducing CO¡sub¿2¡/sub¿ emissions in district heating. This study built thermodynamic models to assess high-temperature heat pumps with six configurations using low global warming potential refrigerants to supply heat up to 120 °C. The heat pump configurations include single-stage or two-stage cycles with advanced components, such as internal heat exchanger, economizer, flash tank, or parallel compressor. The refrigerants include R1234ze(Z), R1233ed(E), R1224yd(Z), R600, and R600a, and R245fa is used as a reference. A case study was carried out to recover the waste heat from the Frontier high-performance computing data center and provide hot water for district heating at the US Department of Energy's Oak Ridge National Laboratory campus. The optimized performance of high-temperature heat pumps is characterized with various effectiveness of internal heat exchangers, and the operating parameters of economizer or flash tank, as well as their combination. The results show that the configurations of two-stage cycles with internal heat exchanger + flash tank and internal heat exchanger + economizer/parallel-compressor provide the highest coefficient of performance under scenarios of the maximum allowable value and a fixed value (0.3) of the internal heat exchangers' effectiveness, respectively. R1234ze(Z) and R600a are the most promising refrigerants, considering trade-offs between the coefficient of performance and the volumetric heating capacity. The single-stage cycle with internal heat exchanger + economizer/parallel-compressor using R1234ze(Z) is recommended for utilizing Fronter's waste heat in district heating. A one mega-watt high-temperature heat pump will reduce 33,100–33,200 metric tons of CO2 emission annually, corresponding to 85.4 %–85.6 % of equivalent CO2 emissions from natural gas boilers. This study provides good guidelines for designing and deploying high-temperature heat pumps to support sustainable data centers and decarbonize district heating in the US. © 2024 Elsevier B.V.",2024,10.1016/j.enbuild.2024.114327,,,,,,wang2024District,journal paper,Energy and Buildings,sustainability energy
3706,From energy to ecology: decarbonization pathways for sustainable high-performance computing through global carbon-energy nexus analysis,"Introduction: High-performance computing (HPC) has been a pivotal driving force of technological development. Methods: This study evaluates the environmental impact of HPC by analyzing energy consumption and carbon emissions across major global centers. We analyzed data from the top 500 HPC centers, using linear regression to fill in missing values for max power due to a high Pearson correlation. The representativeness of the TOP500 dataset was validated via distribution fitting and Monte Carlo simulations, confirming that it captures over 99.8% of high-end global HPC power consumption. Results: (1) Applying a logistic model to relate the average utilization rate of the four major countries to the ratio of HPC market size to the number of centers (R¡sup¿2¡/sup¿ = 0.775). Global annual energy consumption ranges from 2.3–4.2 billion kW⋅h at average utilization, with the US accounting for 1.68 billion kW⋅h. (2) Carbon footprint calculations using energy mix data (2016–2022) incorporated an Environmental Impact Index (EII) to weigh ecological sensitivity, linking CO¡sub¿2¡/sub¿ emissions to a 0.5% GDP loss per trillion tons, totaling $2.18 million in economic losses. (3) Forecasting models projected 2030 emissions at 1.071 × 10¡sup¿20¡/sup¿ kg under average utilization with sobol analysis demonstrating marginal energy consumption fluctuations due to uncertainty. (4) Renewable energy adoption analysis showed strong inverse correlations between clean energy use and emissions in the US (R¡sup¿2¡/sup¿ = 0.904), China (R¡sup¿2¡/sup¿ = 0.99), and Germany (R¡sup¿2¡/sup¿ = 0.779), while quantifying air pollutants like SO¡sub¿2¡/sub¿, NOx and PM10. (5) The combined differential equation and regression models captured the dynamic evolution of energy efficiency and its impact on energy consumption, revealing through 2025 projections that policy incentives can substantially enhance energy efficiency (from 21.22 to 30.90) while reducing energy consumption (from 0.3449 to 0.3278). Discussion: This study underscores the urgency of balancing HPC growth with sustainability through renewable integration and operational efficiency. Copyright © 2025 Yu, Wang, Xu, Shun and Chen.",2025,10.3389/fams.2025.1595365,,,,,,yu2025energy,journal paper,Frontiers in Applied Mathematics and Statistics,domain specific
